date,cases
01/01/2010,430
01/02/2010,441
01/03/2010,433
01/04/2010,438
01/05/2010,418
01/06/2010,393
01/07/2010,344
01/08/2010,403
01/09/2010,385
01/10/2010,390
01/11/2010,456
01/12/2010,375
01/13/2010,363
01/14/2010,375
01/15/2010,347
01/16/2010,309
01/17/2010,411
01/18/2010,445
01/19/2010,327
01/20/2010,341
01/21/2010,399
01/22/2010,351
01/23/2010,381
01/24/2010,429
01/25/2010,420
01/26/2010,393
01/27/2010,337
01/28/2010,363
01/29/2010,347
01/30/2010,373
01/31/2010,371
02/01/2010,427
02/02/2010,368
02/03/2010,332
02/04/2010,394
02/05/2010,326
02/06/2010,374
02/07/2010,396
02/08/2010,422
02/09/2010,363
02/10/2010,355
02/11/2010,304
02/12/2010,335
02/13/2010,309
02/14/2010,316
02/15/2010,414
02/16/2010,487
02/17/2010,448
02/18/2010,393
02/19/2010,361
02/20/2010,326
02/21/2010,397
02/22/2010,445
02/23/2010,399
02/24/2010,384
02/25/2010,363
02/26/2010,365
02/27/2010,360
02/28/2010,424
03/01/2010,473
03/02/2010,430
03/03/2010,398
03/04/2010,366
03/05/2010,362
03/06/2010,370
03/07/2010,414
03/08/2010,448
03/09/2010,375
03/10/2010,376
03/11/2010,353
03/12/2010,371
03/13/2010,382
03/14/2010,415
03/15/2010,435
03/16/2010,376
03/17/2010,401
03/18/2010,342
03/19/2010,363
03/20/2010,333
03/21/2010,405
03/22/2010,459
03/23/2010,366
03/24/2010,396
03/25/2010,343
03/26/2010,390
03/27/2010,372
03/28/2010,425
03/29/2010,455
03/30/2010,390
03/31/2010,377
04/01/2010,398
04/02/2010,378
04/03/2010,343
04/04/2010,384
04/05/2010,434
04/06/2010,431
04/07/2010,380
04/08/2010,393
04/09/2010,366
04/10/2010,415
04/11/2010,426
04/12/2010,501
04/13/2010,399
04/14/2010,383
04/15/2010,383
04/16/2010,384
04/17/2010,376
04/18/2010,397
04/19/2010,436
04/20/2010,416
04/21/2010,409
04/22/2010,378
04/23/2010,385
04/24/2010,364
04/25/2010,413
04/26/2010,444
04/27/2010,422
04/28/2010,406
04/29/2010,403
04/30/2010,400
05/01/2010,382
05/02/2010,393
05/03/2010,506
05/04/2010,447
05/05/2010,419
05/06/2010,434
05/07/2010,421
05/08/2010,393
05/09/2010,432
05/10/2010,476
05/11/2010,405
05/12/2010,447
05/13/2010,406
05/14/2010,409
05/15/2010,391
05/16/2010,422
05/17/2010,484
05/18/2010,431
05/19/2010,417
05/20/2010,418
05/21/2010,395
05/22/2010,401
05/23/2010,401
05/24/2010,500
05/25/2010,384
05/26/2010,391
05/27/2010,410
05/28/2010,389
05/29/2010,469
05/30/2010,364
05/31/2010,484
06/01/2010,432
06/02/2010,409
06/03/2010,418
06/04/2010,409
06/05/2010,379
06/06/2010,420
06/07/2010,504
06/08/2010,434
06/09/2010,384
06/10/2010,405
06/11/2010,438
06/12/2010,397
06/13/2010,375
06/14/2010,500
06/15/2010,423
06/16/2010,385
06/17/2010,395
06/18/2010,431
06/19/2010,385
06/20/2010,433
06/21/2010,460
06/22/2010,457
06/23/2010,398
06/24/2010,398
06/25/2010,373
06/26/2010,422
06/27/2010,409
06/28/2010,470
06/29/2010,449
06/30/2010,402
07/01/2010,415
07/02/2010,334
07/03/2010,399
07/04/2010,388
07/05/2010,469
07/06/2010,420
07/07/2010,403
07/08/2010,401
07/09/2010,384
07/10/2010,380
07/11/2010,366
07/12/2010,505
07/13/2010,399
07/14/2010,419
07/15/2010,390
07/16/2010,391
07/17/2010,381
07/18/2010,375
07/19/2010,486
07/20/2010,379
07/21/2010,408
07/22/2010,375
07/23/2010,388
07/24/2010,394
07/25/2010,402
07/26/2010,439
07/27/2010,428
07/28/2010,370
07/29/2010,411
07/30/2010,355
07/31/2010,372
08/01/2010,358
08/02/2010,447
08/03/2010,414
08/04/2010,372
08/05/2010,367
08/06/2010,414
08/07/2010,390
08/08/2010,402
08/09/2010,444
08/10/2010,469
08/11/2010,417
08/12/2010,415
08/13/2010,374
08/14/2010,352
08/15/2010,397
08/16/2010,450
08/17/2010,398
08/18/2010,393
08/19/2010,391
08/20/2010,361
08/21/2010,333
08/22/2010,412
08/23/2010,399
08/24/2010,389
08/25/2010,387
08/26/2010,385
08/27/2010,370
08/28/2010,358
08/29/2010,386
08/30/2010,434
08/31/2010,390
09/01/2010,376
09/02/2010,356
09/03/2010,343
09/04/2010,360
09/05/2010,337
09/06/2010,461
09/07/2010,378
09/08/2010,343
09/09/2010,335
09/10/2010,354
09/11/2010,354
09/12/2010,377
09/13/2010,459
09/14/2010,383
09/15/2010,392
09/16/2010,359
09/17/2010,357
09/18/2010,336
09/19/2010,396
09/20/2010,453
09/21/2010,414
09/22/2010,412
09/23/2010,401
09/24/2010,360
09/25/2010,360
09/26/2010,396
09/27/2010,466
09/28/2010,403
09/29/2010,401
09/30/2010,393
10/01/2010,415
10/02/2010,387
10/03/2010,395
10/04/2010,482
10/05/2010,409
10/06/2010,409
10/07/2010,394
10/08/2010,350
10/09/2010,384
10/10/2010,391
10/11/2010,500
10/12/2010,393
10/13/2010,391
10/14/2010,400
10/15/2010,375
10/16/2010,385
10/17/2010,385
10/18/2010,478
10/19/2010,387
10/20/2010,393
10/21/2010,393
10/22/2010,373
10/23/2010,391
10/24/2010,362
10/25/2010,443
10/26/2010,374
10/27/2010,370
10/28/2010,404
10/29/2010,370
10/30/2010,353
10/31/2010,391
11/01/2010,410
11/02/2010,380
11/03/2010,375
11/04/2010,388
11/05/2010,337
11/06/2010,410
11/07/2010,371
11/08/2010,454
11/09/2010,404
11/10/2010,399
11/11/2010,346
11/12/2010,348
11/13/2010,371
11/14/2010,355
11/15/2010,443
11/16/2010,317
11/17/2010,389
11/18/2010,430
11/19/2010,424
11/20/2010,358
11/21/2010,364
11/22/2010,448
11/23/2010,394
11/24/2010,354
11/25/2010,371
11/26/2010,375
11/27/2010,387
11/28/2010,363
11/29/2010,435
11/30/2010,391
12/01/2010,398
12/02/2010,341
12/03/2010,342
12/04/2010,308
12/05/2010,370
12/06/2010,409
12/07/2010,355
12/08/2010,369
12/09/2010,345
12/10/2010,345
12/11/2010,397
12/12/2010,372
12/13/2010,445
12/14/2010,404
12/15/2010,361
12/16/2010,366
12/17/2010,362
12/18/2010,377
12/19/2010,373
12/20/2010,407
12/21/2010,398
12/22/2010,354
12/23/2010,378
12/24/2010,358
12/25/2010,342
12/26/2010,376
12/27/2010,480
12/28/2010,401
12/29/2010,420
12/30/2010,350
12/31/2010,401
01/01/2011,387
01/02/2011,420
01/03/2011,463
01/04/2011,428
01/05/2011,345
01/06/2011,368
01/07/2011,380
01/08/2011,342
01/09/2011,413
01/10/2011,431
01/11/2011,410
01/12/2011,387
01/13/2011,394
01/14/2011,359
01/15/2011,408
01/16/2011,389
01/17/2011,447
01/18/2011,368
01/19/2011,404
01/20/2011,411
01/21/2011,377
01/22/2011,376
01/23/2011,372
01/24/2011,464
01/25/2011,393
01/26/2011,344
01/27/2011,397
01/28/2011,378
01/29/2011,360
01/30/2011,384
01/31/2011,361
02/01/2011,332
02/02/2011,297
02/03/2011,365
02/04/2011,459
02/05/2011,493
02/06/2011,423
02/07/2011,506
02/08/2011,406
02/09/2011,408
02/10/2011,411
02/11/2011,420
02/12/2011,364
02/13/2011,421
02/14/2011,433
02/15/2011,400
02/16/2011,375
02/17/2011,405
02/18/2011,362
02/19/2011,374
02/20/2011,384
02/21/2011,479
02/22/2011,365
02/23/2011,350
02/24/2011,348
02/25/2011,357
02/26/2011,409
02/27/2011,399
02/28/2011,451
03/01/2011,404
03/02/2011,385
03/03/2011,400
03/04/2011,386
03/05/2011,367
03/06/2011,395
03/07/2011,463
03/08/2011,368
03/09/2011,406
03/10/2011,366
03/11/2011,385
03/12/2011,364
03/13/2011,351
03/14/2011,442
03/15/2011,374
03/16/2011,392
03/17/2011,390
03/18/2011,389
03/19/2011,321
03/20/2011,400
03/21/2011,430
03/22/2011,392
03/23/2011,403
03/24/2011,394
03/25/2011,396
03/26/2011,401
03/27/2011,357
03/28/2011,475
03/29/2011,354
03/30/2011,353
03/31/2011,406
04/01/2011,364
04/02/2011,365
04/03/2011,401
04/04/2011,491
04/05/2011,392
04/06/2011,389
04/07/2011,379
04/08/2011,391
04/09/2011,385
04/10/2011,392
04/11/2011,463
04/12/2011,422
04/13/2011,366
04/14/2011,368
04/15/2011,346
04/16/2011,366
04/17/2011,347
04/18/2011,435
04/19/2011,402
04/20/2011,344
04/21/2011,395
04/22/2011,353
04/23/2011,348
04/24/2011,377
04/25/2011,452
04/26/2011,380
04/27/2011,349
04/28/2011,355
04/29/2011,373
04/30/2011,359
05/01/2011,373
05/02/2011,434
05/03/2011,447
05/04/2011,405
05/05/2011,379
05/06/2011,359
05/07/2011,361
05/08/2011,361
05/09/2011,503
05/10/2011,376
05/11/2011,372
05/12/2011,371
05/13/2011,353
05/14/2011,341
05/15/2011,348
05/16/2011,467
05/17/2011,354
05/18/2011,440
05/19/2011,368
05/20/2011,352
05/21/2011,404
05/22/2011,394
05/23/2011,480
05/24/2011,419
05/25/2011,379
05/26/2011,355
05/27/2011,373
05/28/2011,324
05/29/2011,416
05/30/2011,444
05/31/2011,355
06/01/2011,361
06/02/2011,356
06/03/2011,359
06/04/2011,359
06/05/2011,389
06/06/2011,451
06/07/2011,399
06/08/2011,367
06/09/2011,352
06/10/2011,339
06/11/2011,357
06/12/2011,374
06/13/2011,454
06/14/2011,415
06/15/2011,381
06/16/2011,357
06/17/2011,376
06/18/2011,382
06/19/2011,396
06/20/2011,457
06/21/2011,422
06/22/2011,413
06/23/2011,379
06/24/2011,427
06/25/2011,367
06/26/2011,394
06/27/2011,499
06/28/2011,406
06/29/2011,398
06/30/2011,321
07/01/2011,376
07/02/2011,372
07/03/2011,394
07/04/2011,467
07/05/2011,364
07/06/2011,375
07/07/2011,373
07/08/2011,388
07/09/2011,383
07/10/2011,406
07/11/2011,467
07/12/2011,414
07/13/2011,428
07/14/2011,380
07/15/2011,368
07/16/2011,396
07/17/2011,386
07/18/2011,431
07/19/2011,400
07/20/2011,398
07/21/2011,396
07/22/2011,359
07/23/2011,373
07/24/2011,377
07/25/2011,442
07/26/2011,386
07/27/2011,380
07/28/2011,385
07/29/2011,366
07/30/2011,374
07/31/2011,366
08/01/2011,447
08/02/2011,402
08/03/2011,389
08/04/2011,347
08/05/2011,406
08/06/2011,354
08/07/2011,315
08/08/2011,421
08/09/2011,364
08/10/2011,425
08/11/2011,382
08/12/2011,370
08/13/2011,353
08/14/2011,387
08/15/2011,443
08/16/2011,357
08/17/2011,349
08/18/2011,367
08/19/2011,388
08/20/2011,343
08/21/2011,381
08/22/2011,440
08/23/2011,350
08/24/2011,407
08/25/2011,328
08/26/2011,347
08/27/2011,335
08/28/2011,353
08/29/2011,400
08/30/2011,341
08/31/2011,401
09/01/2011,396
09/02/2011,344
09/03/2011,353
09/04/2011,384
09/05/2011,453
09/06/2011,409
09/07/2011,373
09/08/2011,409
09/09/2011,399
09/10/2011,378
09/11/2011,346
09/12/2011,472
09/13/2011,411
09/14/2011,377
09/15/2011,441
09/16/2011,384
09/17/2011,370
09/18/2011,406
09/19/2011,458
09/20/2011,387
09/21/2011,398
09/22/2011,348
09/23/2011,407
09/24/2011,369
09/25/2011,430
09/26/2011,463
09/27/2011,422
09/28/2011,381
09/29/2011,409
09/30/2011,422
10/01/2011,354
10/02/2011,387
10/03/2011,455
10/04/2011,408
10/05/2011,383
10/06/2011,377
10/07/2011,416
10/08/2011,402
10/09/2011,339
10/10/2011,437
10/11/2011,365
10/12/2011,368
10/13/2011,381
10/14/2011,383
10/15/2011,383
10/16/2011,395
10/17/2011,497
10/18/2011,398
10/19/2011,415
10/20/2011,400
10/21/2011,367
10/22/2011,377
10/23/2011,408
10/24/2011,520
10/25/2011,403
10/26/2011,382
10/27/2011,420
10/28/2011,408
10/29/2011,396
10/30/2011,427
10/31/2011,504
11/01/2011,412
11/02/2011,417
11/03/2011,413
11/04/2011,362
11/05/2011,350
11/06/2011,407
11/07/2011,486
11/08/2011,544
11/09/2011,407
11/10/2011,427
11/11/2011,390
11/12/2011,362
11/13/2011,378
11/14/2011,434
11/15/2011,421
11/16/2011,399
11/17/2011,386
11/18/2011,394
11/19/2011,363
11/20/2011,400
11/21/2011,476
11/22/2011,428
11/23/2011,394
11/24/2011,403
11/25/2011,407
11/26/2011,380
11/27/2011,352
11/28/2011,451
11/29/2011,368
11/30/2011,393
12/01/2011,388
12/02/2011,397
12/03/2011,350
12/04/2011,376
12/05/2011,474
12/06/2011,449
12/07/2011,413
12/08/2011,388
12/09/2011,376
12/10/2011,390
12/11/2011,362
12/12/2011,510
12/13/2011,409
12/14/2011,437
12/15/2011,410
12/16/2011,408
12/17/2011,341
12/18/2011,386
12/19/2011,416
12/20/2011,404
12/21/2011,394
12/22/2011,404
12/23/2011,384
12/24/2011,404
12/25/2011,386
12/26/2011,460
12/27/2011,503
12/28/2011,404
12/29/2011,431
12/30/2011,387
12/31/2011,407
01/01/2012,448
01/02/2012,490
01/03/2012,492
01/04/2012,449
01/05/2012,413
01/06/2012,400
01/07/2012,418
01/08/2012,401
01/09/2012,481
01/10/2012,397
01/11/2012,398
01/12/2012,438
01/13/2012,390
01/14/2012,428
01/15/2012,417
01/16/2012,481
01/17/2012,410
01/18/2012,362
01/19/2012,377
01/20/2012,342
01/21/2012,378
01/22/2012,346
01/23/2012,380
01/24/2012,455
01/25/2012,500
01/26/2012,451
01/27/2012,422
01/28/2012,396
01/29/2012,349
01/30/2012,514
01/31/2012,410
02/01/2012,407
02/02/2012,418
02/03/2012,383
02/04/2012,368
02/05/2012,362
02/06/2012,485
02/07/2012,446
02/08/2012,437
02/09/2012,400
02/10/2012,417
02/11/2012,378
02/12/2012,415
02/13/2012,531
02/14/2012,410
02/15/2012,422
02/16/2012,400
02/17/2012,385
02/18/2012,373
02/19/2012,371
02/20/2012,468
02/21/2012,434
02/22/2012,430
02/23/2012,374
02/24/2012,400
02/25/2012,395
02/26/2012,395
02/27/2012,455
02/28/2012,422
02/29/2012,413
03/01/2012,413
03/02/2012,372
03/03/2012,366
03/04/2012,392
03/05/2012,472
03/06/2012,398
03/07/2012,430
03/08/2012,405
03/09/2012,397
03/10/2012,420
03/11/2012,380
03/12/2012,497
03/13/2012,404
03/14/2012,396
03/15/2012,419
03/16/2012,391
03/17/2012,401
03/18/2012,407
03/19/2012,476
03/20/2012,439
03/21/2012,408
03/22/2012,409
03/23/2012,399
03/24/2012,404
03/25/2012,392
03/26/2012,453
03/27/2012,425
03/28/2012,407
03/29/2012,394
03/30/2012,372
03/31/2012,376
04/01/2012,381
04/02/2012,481
04/03/2012,418
04/04/2012,374
04/05/2012,391
04/06/2012,365
04/07/2012,428
04/08/2012,358
04/09/2012,455
04/10/2012,395
04/11/2012,415
04/12/2012,422
04/13/2012,409
04/14/2012,442
04/15/2012,406
04/16/2012,492
04/17/2012,418
04/18/2012,430
04/19/2012,387
04/20/2012,439
04/21/2012,385
04/22/2012,425
04/23/2012,488
04/24/2012,389
04/25/2012,380
04/26/2012,439
04/27/2012,420
04/28/2012,364
04/29/2012,372
04/30/2012,458
05/01/2012,396
05/02/2012,461
05/03/2012,438
05/04/2012,427
05/05/2012,391
05/06/2012,389
05/07/2012,479
05/08/2012,467
05/09/2012,397
05/10/2012,374
05/11/2012,421
05/12/2012,365
05/13/2012,376
05/14/2012,506
05/15/2012,415
05/16/2012,413
05/17/2012,401
05/18/2012,406
05/19/2012,384
05/20/2012,419
05/21/2012,466
05/22/2012,399
05/23/2012,418
05/24/2012,383
05/25/2012,416
05/26/2012,367
05/27/2012,399
05/28/2012,478
05/29/2012,413
05/30/2012,401
05/31/2012,389
06/01/2012,410
06/02/2012,370
06/03/2012,355
06/04/2012,493
06/05/2012,388
06/06/2012,436
06/07/2012,391
06/08/2012,406
06/09/2012,391
06/10/2012,372
06/11/2012,509
06/12/2012,418
06/13/2012,400
06/14/2012,408
06/15/2012,417
06/16/2012,370
06/17/2012,400
06/18/2012,470
06/19/2012,403
06/20/2012,432
06/21/2012,438
06/22/2012,393
06/23/2012,384
06/24/2012,379
06/25/2012,523
06/26/2012,420
06/27/2012,361
06/28/2012,374
06/29/2012,380
06/30/2012,354
07/01/2012,394
07/02/2012,447
07/03/2012,385
07/04/2012,348
07/05/2012,384
07/06/2012,381
07/07/2012,416
07/08/2012,342
07/09/2012,500
07/10/2012,418
07/11/2012,426
07/12/2012,411
07/13/2012,374
07/14/2012,401
07/15/2012,417
07/16/2012,506
07/17/2012,418
07/18/2012,374
07/19/2012,374
07/20/2012,432
07/21/2012,361
07/22/2012,397
07/23/2012,532
07/24/2012,425
07/25/2012,427
07/26/2012,425
07/27/2012,371
07/28/2012,374
07/29/2012,347
07/30/2012,471
07/31/2012,402
08/01/2012,391
08/02/2012,429
08/03/2012,370
08/04/2012,370
08/05/2012,382
08/06/2012,446
08/07/2012,367
08/08/2012,377
08/09/2012,373
08/10/2012,441
08/11/2012,364
08/12/2012,380
08/13/2012,432
08/14/2012,357
08/15/2012,405
08/16/2012,365
08/17/2012,332
08/18/2012,347
08/19/2012,349
08/20/2012,419
08/21/2012,465
08/22/2012,426
08/23/2012,386
08/24/2012,368
08/25/2012,353
08/26/2012,377
08/27/2012,452
08/28/2012,412
08/29/2012,435
08/30/2012,375
08/31/2012,409
09/01/2012,402
09/02/2012,385
09/03/2012,508
09/04/2012,422
09/05/2012,405
09/06/2012,385
09/07/2012,362
09/08/2012,332
09/09/2012,354
09/10/2012,480
09/11/2012,426
09/12/2012,406
09/13/2012,423
09/14/2012,388
09/15/2012,369
09/16/2012,386
09/17/2012,481
09/18/2012,405
09/19/2012,410
09/20/2012,370
09/21/2012,399
09/22/2012,400
09/23/2012,398
09/24/2012,464
09/25/2012,404
09/26/2012,393
09/27/2012,386
09/28/2012,405
09/29/2012,416
09/30/2012,404
10/01/2012,469
10/02/2012,442
10/03/2012,398
10/04/2012,377
10/05/2012,380
10/06/2012,365
10/07/2012,417
10/08/2012,494
10/09/2012,428
10/10/2012,396
10/11/2012,381
10/12/2012,413
10/13/2012,378
10/14/2012,395
10/15/2012,441
10/16/2012,434
10/17/2012,383
10/18/2012,373
10/19/2012,360
10/20/2012,365
10/21/2012,377
10/22/2012,439
10/23/2012,405
10/24/2012,399
10/25/2012,374
10/26/2012,359
10/27/2012,398
10/28/2012,387
10/29/2012,496
10/30/2012,436
10/31/2012,398
11/01/2012,361
11/02/2012,363
11/03/2012,375
11/04/2012,388
11/05/2012,461
11/06/2012,418
11/07/2012,390
11/08/2012,413
11/09/2012,388
11/10/2012,381
11/11/2012,386
11/12/2012,453
11/13/2012,398
11/14/2012,437
11/15/2012,448
11/16/2012,421
11/17/2012,342
11/18/2012,379
11/19/2012,521
11/20/2012,447
11/21/2012,408
11/22/2012,409
11/23/2012,384
11/24/2012,374
11/25/2012,394
11/26/2012,485
11/27/2012,444
11/28/2012,409
11/29/2012,402
11/30/2012,412
12/01/2012,361
12/02/2012,385
12/03/2012,475
12/04/2012,434
12/05/2012,393
12/06/2012,377
12/07/2012,394
12/08/2012,364
12/09/2012,391
12/10/2012,486
12/11/2012,429
12/12/2012,369
12/13/2012,407
12/14/2012,412
12/15/2012,409
12/16/2012,396
12/17/2012,464
12/18/2012,410
12/19/2012,409
12/20/2012,424
12/21/2012,403
12/22/2012,367
12/23/2012,399
12/24/2012,464
12/25/2012,420
12/26/2012,454
12/27/2012,442
12/28/2012,392
12/29/2012,413
12/30/2012,402
12/31/2012,443
01/01/2013,499
01/02/2013,459
01/03/2013,438
01/04/2013,437
01/05/2013,377
01/06/2013,380
01/07/2013,500
01/08/2013,388
01/09/2013,388
01/10/2013,413
01/11/2013,411
01/12/2013,361
01/13/2013,399
01/14/2013,484
01/15/2013,417
01/16/2013,397
01/17/2013,369
01/18/2013,399
01/19/2013,342
01/20/2013,368
01/21/2013,446
01/22/2013,423
01/23/2013,400
01/24/2013,395
01/25/2013,382
01/26/2013,371
01/27/2013,378
01/28/2013,470
01/29/2013,403
01/30/2013,428
01/31/2013,399
02/01/2013,378
02/02/2013,355
02/03/2013,380
02/04/2013,443
02/05/2013,363
02/06/2013,370
02/07/2013,337
02/08/2013,372
02/09/2013,353
02/10/2013,331
02/11/2013,427
02/12/2013,505
02/13/2013,538
02/14/2013,399
02/15/2013,410
02/16/2013,363
02/17/2013,410
02/18/2013,508
02/19/2013,457
02/20/2013,410
02/21/2013,404
02/22/2013,421
02/23/2013,403
02/24/2013,395
02/25/2013,507
02/26/2013,404
02/27/2013,465
02/28/2013,427
03/01/2013,438
03/02/2013,384
03/03/2013,413
03/04/2013,513
03/05/2013,401
03/06/2013,424
03/07/2013,372
03/08/2013,424
03/09/2013,427
03/10/2013,385
03/11/2013,483
03/12/2013,439
03/13/2013,429
03/14/2013,398
03/15/2013,397
03/16/2013,410
03/17/2013,398
03/18/2013,501
03/19/2013,445
03/20/2013,389
03/21/2013,416
03/22/2013,414
03/23/2013,424
03/24/2013,424
03/25/2013,480
03/26/2013,384
03/27/2013,392
03/28/2013,398
03/29/2013,374
03/30/2013,418
03/31/2013,407
04/01/2013,469
04/02/2013,418
04/03/2013,397
04/04/2013,402
04/05/2013,425
04/06/2013,389
04/07/2013,385
04/08/2013,484
04/09/2013,407
04/10/2013,419
04/11/2013,420
04/12/2013,354
04/13/2013,328
04/14/2013,348
04/15/2013,460
04/16/2013,438
04/17/2013,401
04/18/2013,416
04/19/2013,380
04/20/2013,416
04/21/2013,395
04/22/2013,492
04/23/2013,444
04/24/2013,421
04/25/2013,403
04/26/2013,360
04/27/2013,375
04/28/2013,388
04/29/2013,495
04/30/2013,452
05/01/2013,415
05/02/2013,459
05/03/2013,451
05/04/2013,402
05/05/2013,394
05/06/2013,482
05/07/2013,404
05/08/2013,388
05/09/2013,397
05/10/2013,441
05/11/2013,395
05/12/2013,413
05/13/2013,508
05/14/2013,427
05/15/2013,426
05/16/2013,403
05/17/2013,393
05/18/2013,391
05/19/2013,367
05/20/2013,500
05/21/2013,382
05/22/2013,410
05/23/2013,393
05/24/2013,347
05/25/2013,388
05/26/2013,381
05/27/2013,473
05/28/2013,438
05/29/2013,376
05/30/2013,435
05/31/2013,401
06/01/2013,404
06/02/2013,391
06/03/2013,511
06/04/2013,410
06/05/2013,394
06/06/2013,385
06/07/2013,399
06/08/2013,353
06/09/2013,402
06/10/2013,441
06/11/2013,421
06/12/2013,401
06/13/2013,405
06/14/2013,426
06/15/2013,380
06/16/2013,364
06/17/2013,496
06/18/2013,391
06/19/2013,383
06/20/2013,380
06/21/2013,413
06/22/2013,376
06/23/2013,417
06/24/2013,522
06/25/2013,455
06/26/2013,399
06/27/2013,422
06/28/2013,417
06/29/2013,382
06/30/2013,396
07/01/2013,471
07/02/2013,411
07/03/2013,399
07/04/2013,402
07/05/2013,403
07/06/2013,398
07/07/2013,386
07/08/2013,518
07/09/2013,409
07/10/2013,411
07/11/2013,398
07/12/2013,398
07/13/2013,365
07/14/2013,358
07/15/2013,438
07/16/2013,385
07/17/2013,350
07/18/2013,369
07/19/2013,384
07/20/2013,358
07/21/2013,354
07/22/2013,454
07/23/2013,392
07/24/2013,370
07/25/2013,401
07/26/2013,351
07/27/2013,324
07/28/2013,384
07/29/2013,434
07/30/2013,397
07/31/2013,357
08/01/2013,339
08/02/2013,334
08/03/2013,354
08/04/2013,365
08/05/2013,392
08/06/2013,378
08/07/2013,353
08/08/2013,352
08/09/2013,364
08/10/2013,408
08/11/2013,364
08/12/2013,463
08/13/2013,368
08/14/2013,416
08/15/2013,414
08/16/2013,360
08/17/2013,342
08/18/2013,359
08/19/2013,467
08/20/2013,380
08/21/2013,367
08/22/2013,425
08/23/2013,407
08/24/2013,385
08/25/2013,362
08/26/2013,469
08/27/2013,434
08/28/2013,364
08/29/2013,412
08/30/2013,348
08/31/2013,398
09/01/2013,367
09/02/2013,443
09/03/2013,393
09/04/2013,352
09/05/2013,345
09/06/2013,323
09/07/2013,357
09/08/2013,354
09/09/2013,460
09/10/2013,394
09/11/2013,378
09/12/2013,388
09/13/2013,389
09/14/2013,394
09/15/2013,361
09/16/2013,474
09/17/2013,406
09/18/2013,370
09/19/2013,388
09/20/2013,382
09/21/2013,373
09/22/2013,379
09/23/2013,443
09/24/2013,421
09/25/2013,425
09/26/2013,368
09/27/2013,378
09/28/2013,354
09/29/2013,375
09/30/2013,430
10/01/2013,388
10/02/2013,381
10/03/2013,356
10/04/2013,369
10/05/2013,360
10/06/2013,375
10/07/2013,458
10/08/2013,431
10/09/2013,398
10/10/2013,398
10/11/2013,385
10/12/2013,415
10/13/2013,366
10/14/2013,428
10/15/2013,346
10/16/2013,442
10/17/2013,395
10/18/2013,388
10/19/2013,353
10/20/2013,390
10/21/2013,457
10/22/2013,391
10/23/2013,385
10/24/2013,377
10/25/2013,384
10/26/2013,370
10/27/2013,364
10/28/2013,438
10/29/2013,406
10/30/2013,386
10/31/2013,332
11/01/2013,383
11/02/2013,361
11/03/2013,380
11/04/2013,465
11/05/2013,416
11/06/2013,382
11/07/2013,390
11/08/2013,415
11/09/2013,378
11/10/2013,354
11/11/2013,475
11/12/2013,372
11/13/2013,409
11/14/2013,352
11/15/2013,360
11/16/2013,372
11/17/2013,401
11/18/2013,454
11/19/2013,410
11/20/2013,366
11/21/2013,414
11/22/2013,360
11/23/2013,391
11/24/2013,398
11/25/2013,457
11/26/2013,375
11/27/2013,415
11/28/2013,354
11/29/2013,374
11/30/2013,337
12/01/2013,405
12/02/2013,420
12/03/2013,370
12/04/2013,356
12/05/2013,405
12/06/2013,371
12/07/2013,346
12/08/2013,342
12/09/2013,494
12/10/2013,433
12/11/2013,392
12/12/2013,380
12/13/2013,429
12/14/2013,361
12/15/2013,403
12/16/2013,442
12/17/2013,437
12/18/2013,377
12/19/2013,364
12/20/2013,371
12/21/2013,379
12/22/2013,364
12/23/2013,442
12/24/2013,398
12/25/2013,414
12/26/2013,447
12/27/2013,411
12/28/2013,372
12/29/2013,381
12/30/2013,465
12/31/2013,366
01/01/2014,429
01/02/2014,419
01/03/2014,431
01/04/2014,397
01/05/2014,385
01/06/2014,441
01/07/2014,441
01/08/2014,398
01/09/2014,375
01/10/2014,385
01/11/2014,362
01/12/2014,352
01/13/2014,463
01/14/2014,379
01/15/2014,377
01/16/2014,372
01/17/2014,380
01/18/2014,361
01/19/2014,359
01/20/2014,465
01/21/2014,408
01/22/2014,396
01/23/2014,367
01/24/2014,382
01/25/2014,330
01/26/2014,363
01/27/2014,418
01/28/2014,358
01/29/2014,370
01/30/2014,288
01/31/2014,337
02/01/2014,406
02/02/2014,407
02/03/2014,490
02/04/2014,427
02/05/2014,374
02/06/2014,386
02/07/2014,382
02/08/2014,359
02/09/2014,378
02/10/2014,472
02/11/2014,416
02/12/2014,373
02/13/2014,371
02/14/2014,332
02/15/2014,342
02/16/2014,389
02/17/2014,454
02/18/2014,412
02/19/2014,395
02/20/2014,371
02/21/2014,366
02/22/2014,359
02/23/2014,379
02/24/2014,433
02/25/2014,391
02/26/2014,358
02/27/2014,357
02/28/2014,366
03/01/2014,332
03/02/2014,376
03/03/2014,431
03/04/2014,389
03/05/2014,406
03/06/2014,387
03/07/2014,400
03/08/2014,358
03/09/2014,392
03/10/2014,442
03/11/2014,409
03/12/2014,372
03/13/2014,315
03/14/2014,390
03/15/2014,362
03/16/2014,317
03/17/2014,418
03/18/2014,383
03/19/2014,376
03/20/2014,376
03/21/2014,372
03/22/2014,352
03/23/2014,367
03/24/2014,435
03/25/2014,381
03/26/2014,349
03/27/2014,351
03/28/2014,388
03/29/2014,346
03/30/2014,364
03/31/2014,433
04/01/2014,388
04/02/2014,371
04/03/2014,388
04/04/2014,374
04/05/2014,350
04/06/2014,365
04/07/2014,394
04/08/2014,390
04/09/2014,356
04/10/2014,401
04/11/2014,387
04/12/2014,347
04/13/2014,348
04/14/2014,412
04/15/2014,399
04/16/2014,383
04/17/2014,380
04/18/2014,354
04/19/2014,371
04/20/2014,362
04/21/2014,443
04/22/2014,395
04/23/2014,378
04/24/2014,361
04/25/2014,372
04/26/2014,346
04/27/2014,352
04/28/2014,422
04/29/2014,379
04/30/2014,361
05/01/2014,380
05/02/2014,407
05/03/2014,366
05/04/2014,390
05/05/2014,441
05/06/2014,422
05/07/2014,340
05/08/2014,392
05/09/2014,364
05/10/2014,347
05/11/2014,375
05/12/2014,434
05/13/2014,362
05/14/2014,426
05/15/2014,359
05/16/2014,382
05/17/2014,339
05/18/2014,343
05/19/2014,442
05/20/2014,382
05/21/2014,350
05/22/2014,384
05/23/2014,343
05/24/2014,380
05/25/2014,361
05/26/2014,461
05/27/2014,397
05/28/2014,363
05/29/2014,370
05/30/2014,381
05/31/2014,324
06/01/2014,379
06/02/2014,461
06/03/2014,432
06/04/2014,416
06/05/2014,379
06/06/2014,370
06/07/2014,408
06/08/2014,384
06/09/2014,475
06/10/2014,403
06/11/2014,398
06/12/2014,399
06/13/2014,440
06/14/2014,376
06/15/2014,380
06/16/2014,474
06/17/2014,419
06/18/2014,380
06/19/2014,388
06/20/2014,379
06/21/2014,367
06/22/2014,364
06/23/2014,439
06/24/2014,380
06/25/2014,388
06/26/2014,383
06/27/2014,383
06/28/2014,396
06/29/2014,397
06/30/2014,419
07/01/2014,404
07/02/2014,380
07/03/2014,403
07/04/2014,369
07/05/2014,381
07/06/2014,384
07/07/2014,422
07/08/2014,412
07/09/2014,364
07/10/2014,420
07/11/2014,402
07/12/2014,355
07/13/2014,395
07/14/2014,449
07/15/2014,398
07/16/2014,367
07/17/2014,377
07/18/2014,377
07/19/2014,351
07/20/2014,396
07/21/2014,433
07/22/2014,371
07/23/2014,391
07/24/2014,372
07/25/2014,370
07/26/2014,373
07/27/2014,301
07/28/2014,409
07/29/2014,421
07/30/2014,385
07/31/2014,360
08/01/2014,377
08/02/2014,364
08/03/2014,344
08/04/2014,449
08/05/2014,330
08/06/2014,421
08/07/2014,354
08/08/2014,370
08/09/2014,341
08/10/2014,372
08/11/2014,442
08/12/2014,362
08/13/2014,371
08/14/2014,370
08/15/2014,356
08/16/2014,364
08/17/2014,357
08/18/2014,434
08/19/2014,389
08/20/2014,360
08/21/2014,362
08/22/2014,378
08/23/2014,315
08/24/2014,344
08/25/2014,377
08/26/2014,372
08/27/2014,376
08/28/2014,358
08/29/2014,340
08/30/2014,339
08/31/2014,360
09/01/2014,433
09/02/2014,372
09/03/2014,351
09/04/2014,347
09/05/2014,357
09/06/2014,334
09/07/2014,380
09/08/2014,423
09/09/2014,398
09/10/2014,373
09/11/2014,377
09/12/2014,366
09/13/2014,335
09/14/2014,359
09/15/2014,415
09/16/2014,396
09/17/2014,379
09/18/2014,388
09/19/2014,369
09/20/2014,337
09/21/2014,410
09/22/2014,416
09/23/2014,328
09/24/2014,357
09/25/2014,313
09/26/2014,345
09/27/2014,382
09/28/2014,341
09/29/2014,416
09/30/2014,367
10/01/2014,340
10/02/2014,351
10/03/2014,354
10/04/2014,327
10/05/2014,326
10/06/2014,419
10/07/2014,364
10/08/2014,345
10/09/2014,369
10/10/2014,376
10/11/2014,364
10/12/2014,349
10/13/2014,416
10/14/2014,367
10/15/2014,323
10/16/2014,334
10/17/2014,360
10/18/2014,327
10/19/2014,330
10/20/2014,388
10/21/2014,374
10/22/2014,291
10/23/2014,384
10/24/2014,339
10/25/2014,342
10/26/2014,330
10/27/2014,396
10/28/2014,367
10/29/2014,367
10/30/2014,350
10/31/2014,371
11/01/2014,349
11/02/2014,355
11/03/2014,384
11/04/2014,378
11/05/2014,339
11/06/2014,330
11/07/2014,364
11/08/2014,338
11/09/2014,349
11/10/2014,422
11/11/2014,385
11/12/2014,312
11/13/2014,307
11/14/2014,345
11/15/2014,350
11/16/2014,318
11/17/2014,407
11/18/2014,367
11/19/2014,374
11/20/2014,334
11/21/2014,360
11/22/2014,364
11/23/2014,336
11/24/2014,423
11/25/2014,376
11/26/2014,334
11/27/2014,376
11/28/2014,361
11/29/2014,335
11/30/2014,308
12/01/2014,406
12/02/2014,364
12/03/2014,344
12/04/2014,371
12/05/2014,347
12/06/2014,351
12/07/2014,358
12/08/2014,396
12/09/2014,360
12/10/2014,338
12/11/2014,339
12/12/2014,313
12/13/2014,336
12/14/2014,354
12/15/2014,417
12/16/2014,385
12/17/2014,329
12/18/2014,371
12/19/2014,321
12/20/2014,356
12/21/2014,309
12/22/2014,399
12/23/2014,377
12/24/2014,319
12/25/2014,338
12/26/2014,392
12/27/2014,349
12/28/2014,355
12/29/2014,424
12/30/2014,393
12/31/2014,364
01/01/2015,389
01/02/2015,412
01/03/2015,339
01/04/2015,363
01/05/2015,454
01/06/2015,353
01/07/2015,376
01/08/2015,366
01/09/2015,352
01/10/2015,339
01/11/2015,367
01/12/2015,428
01/13/2015,376
01/14/2015,353
01/15/2015,370
01/16/2015,384
01/17/2015,333
01/18/2015,362
01/19/2015,428
01/20/2015,395
01/21/2015,348
01/22/2015,383
01/23/2015,366
01/24/2015,375
01/25/2015,337
01/26/2015,422
01/27/2015,411
01/28/2015,373
01/29/2015,361
01/30/2015,372
01/31/2015,324
02/01/2015,340
02/02/2015,399
02/03/2015,360
02/04/2015,332
02/05/2015,342
02/06/2015,340
02/07/2015,332
02/08/2015,331
02/09/2015,433
02/10/2015,374
02/11/2015,367
02/12/2015,321
02/13/2015,353
02/14/2015,337
02/15/2015,344
02/16/2015,406
02/17/2015,354
02/18/2015,312
02/19/2015,352
02/20/2015,346
02/21/2015,424
02/22/2015,397
02/23/2015,464
02/24/2015,424
02/25/2015,399
02/26/2015,395
02/27/2015,371
02/28/2015,352
03/01/2015,383
03/02/2015,418
03/03/2015,384
03/04/2015,352
03/05/2015,346
03/06/2015,382
03/07/2015,343
03/08/2015,356
03/09/2015,420
03/10/2015,372
03/11/2015,356
03/12/2015,382
03/13/2015,349
03/14/2015,358
03/15/2015,366
03/16/2015,453
03/17/2015,393
03/18/2015,364
03/19/2015,363
03/20/2015,332
03/21/2015,360
03/22/2015,320
03/23/2015,419
03/24/2015,348
03/25/2015,378
03/26/2015,367
03/27/2015,348
03/28/2015,356
03/29/2015,328
03/30/2015,430
03/31/2015,399
04/01/2015,332
04/02/2015,352
04/03/2015,343
04/04/2015,401
04/05/2015,357
04/06/2015,442
04/07/2015,408
04/08/2015,374
04/09/2015,404
04/10/2015,399
04/11/2015,354
04/12/2015,359
04/13/2015,406
04/14/2015,387
04/15/2015,410
04/16/2015,368
04/17/2015,394
04/18/2015,369
04/19/2015,325
04/20/2015,442
04/21/2015,350
04/22/2015,365
04/23/2015,381
04/24/2015,367
04/25/2015,347
04/26/2015,341
04/27/2015,403
04/28/2015,401
04/29/2015,365
04/30/2015,367
05/01/2015,326
05/02/2015,377
05/03/2015,339
05/04/2015,418
05/05/2015,380
05/06/2015,386
05/07/2015,377
05/08/2015,403
05/09/2015,338
05/10/2015,344
05/11/2015,432
05/12/2015,391
05/13/2015,375
05/14/2015,376
05/15/2015,399
05/16/2015,387
05/17/2015,379
05/18/2015,451
05/19/2015,383
05/20/2015,373
05/21/2015,394
05/22/2015,383
05/23/2015,362
05/24/2015,370
05/25/2015,455
05/26/2015,408
05/27/2015,391
05/28/2015,409
05/29/2015,406
05/30/2015,386
05/31/2015,376
06/01/2015,427
06/02/2015,439
06/03/2015,411
06/04/2015,407
06/05/2015,400
06/06/2015,372
06/07/2015,383
06/08/2015,462
06/09/2015,424
06/10/2015,422
06/11/2015,399
06/12/2015,397
06/13/2015,387
06/14/2015,358
06/15/2015,447
06/16/2015,401
06/17/2015,394
06/18/2015,384
06/19/2015,378
06/20/2015,380
06/21/2015,394
06/22/2015,442
06/23/2015,397
06/24/2015,385
06/25/2015,368
06/26/2015,367
06/27/2015,346
06/28/2015,390
06/29/2015,468
06/30/2015,359
07/01/2015,389
07/02/2015,381
07/03/2015,387
07/04/2015,341
07/05/2015,380
07/06/2015,454
07/07/2015,392
07/08/2015,387
07/09/2015,353
07/10/2015,370
07/11/2015,374
07/12/2015,328
07/13/2015,432
07/14/2015,351
07/15/2015,359
07/16/2015,348
07/17/2015,338
07/18/2015,392
07/19/2015,371
07/20/2015,434
07/21/2015,430
07/22/2015,377
07/23/2015,354
07/24/2015,378
07/25/2015,407
07/26/2015,350
07/27/2015,421
07/28/2015,391
07/29/2015,375
07/30/2015,345
07/31/2015,386
08/01/2015,344
08/02/2015,345
08/03/2015,411
08/04/2015,387
08/05/2015,388
08/06/2015,359
08/07/2015,325
08/08/2015,386
08/09/2015,383
08/10/2015,489
08/11/2015,462
08/12/2015,402
08/13/2015,370
08/14/2015,395
08/15/2015,408
08/16/2015,372
08/17/2015,414
08/18/2015,387
08/19/2015,399
08/20/2015,373
08/21/2015,367
08/22/2015,345
08/23/2015,360
08/24/2015,433
08/25/2015,378
08/26/2015,380
08/27/2015,352
08/28/2015,357
08/29/2015,383
08/30/2015,359
08/31/2015,420
09/01/2015,363
09/02/2015,382
09/03/2015,351
09/04/2015,366
09/05/2015,360
09/06/2015,366
09/07/2015,413
09/08/2015,333
09/09/2015,316
09/10/2015,334
09/11/2015,305
09/12/2015,371
09/13/2015,367
09/14/2015,424
09/15/2015,347
09/16/2015,388
09/17/2015,396
09/18/2015,347
09/19/2015,391
09/20/2015,381
09/21/2015,406
09/22/2015,374
09/23/2015,343
09/24/2015,319
09/25/2015,364
09/26/2015,355
09/27/2015,371
09/28/2015,427
09/29/2015,376
09/30/2015,362
10/01/2015,351
10/02/2015,373
10/03/2015,358
10/04/2015,374
10/05/2015,425
10/06/2015,350
10/07/2015,343
10/08/2015,352
10/09/2015,339
10/10/2015,354
10/11/2015,340
10/12/2015,377
10/13/2015,343
10/14/2015,379
10/15/2015,339
10/16/2015,356
10/17/2015,318
10/18/2015,331
10/19/2015,425
10/20/2015,354
10/21/2015,338
10/22/2015,311
10/23/2015,346
10/24/2015,295
10/25/2015,304
10/26/2015,380
10/27/2015,337
10/28/2015,299
10/29/2015,330
10/30/2015,312
10/31/2015,315
11/01/2015,304
11/02/2015,378
11/03/2015,349
11/04/2015,328
11/05/2015,333
11/06/2015,303
11/07/2015,316
11/08/2015,313
11/09/2015,374
11/10/2015,341
11/11/2015,364
11/12/2015,335
11/13/2015,325
11/14/2015,375
11/15/2015,318
11/16/2015,375
11/17/2015,353
11/18/2015,356
11/19/2015,314
11/20/2015,333
11/21/2015,323
11/22/2015,356
11/23/2015,390
11/24/2015,385
11/25/2015,360
11/26/2015,357
11/27/2015,332
11/28/2015,336
11/29/2015,346
11/30/2015,400
12/01/2015,359
12/02/2015,346
12/03/2015,337
12/04/2015,338
12/05/2015,361
12/06/2015,347
12/07/2015,396
12/08/2015,374
12/09/2015,361
12/10/2015,350
12/11/2015,347
12/12/2015,313
12/13/2015,336
12/14/2015,412
12/15/2015,358
12/16/2015,354
12/17/2015,337
12/18/2015,334
12/19/2015,336
12/20/2015,329
12/21/2015,396
12/22/2015,341
12/23/2015,343
12/24/2015,345
12/25/2015,333
12/26/2015,359
12/27/2015,368
12/28/2015,434
12/29/2015,373
12/30/2015,387
12/31/2015,326
01/01/2016,322
01/02/2016,393
01/03/2016,373
01/04/2016,426
01/05/2016,357
01/06/2016,352
01/07/2016,416
01/08/2016,380
01/09/2016,362
01/10/2016,350
01/11/2016,424
01/12/2016,395
01/13/2016,375
01/14/2016,381
01/15/2016,364
01/16/2016,377
01/17/2016,371
01/18/2016,399
01/19/2016,370
01/20/2016,393
01/21/2016,357
01/22/2016,362
01/23/2016,334
01/24/2016,350
01/25/2016,441
01/26/2016,374
01/27/2016,359
01/28/2016,357
01/29/2016,333
01/30/2016,377
01/31/2016,341
02/01/2016,452
02/02/2016,373
02/03/2016,355
02/04/2016,359
02/05/2016,303
02/06/2016,296
02/07/2016,313
02/08/2016,321
02/09/2016,411
02/10/2016,436
02/11/2016,408
02/12/2016,365
02/13/2016,322
02/14/2016,367
02/15/2016,423
02/16/2016,408
02/17/2016,408
02/18/2016,368
02/19/2016,308
02/20/2016,359
02/21/2016,342
02/22/2016,425
02/23/2016,428
02/24/2016,383
02/25/2016,361
02/26/2016,384
02/27/2016,378
02/28/2016,349
02/29/2016,441
03/01/2016,379
03/02/2016,371
03/03/2016,374
03/04/2016,382
03/05/2016,338
03/06/2016,354
03/07/2016,431
03/08/2016,397
03/09/2016,385
03/10/2016,364
03/11/2016,376
03/12/2016,352
03/13/2016,348
03/14/2016,417
03/15/2016,358
03/16/2016,359
03/17/2016,354
03/18/2016,375
03/19/2016,346
03/20/2016,313
03/21/2016,391
03/22/2016,395
03/23/2016,364
03/24/2016,342
03/25/2016,316
03/26/2016,356
03/27/2016,374
03/28/2016,410
03/29/2016,381
03/30/2016,369
03/31/2016,375
04/01/2016,336
04/02/2016,324
04/03/2016,333
04/04/2016,388
04/05/2016,373
04/06/2016,371
04/07/2016,367
04/08/2016,364
04/09/2016,345
04/10/2016,337
04/11/2016,410
04/12/2016,326
04/13/2016,335
04/14/2016,363
04/15/2016,333
04/16/2016,341
04/17/2016,332
04/18/2016,413
04/19/2016,344
04/20/2016,353
04/21/2016,312
04/22/2016,355
04/23/2016,317
04/24/2016,338
04/25/2016,436
04/26/2016,351
04/27/2016,317
04/28/2016,350
04/29/2016,319
04/30/2016,325
05/01/2016,316
05/02/2016,377
05/03/2016,412
05/04/2016,376
05/05/2016,378
05/06/2016,390
05/07/2016,355
05/08/2016,326
05/09/2016,386
05/10/2016,371
05/11/2016,320
05/12/2016,356
05/13/2016,351
05/14/2016,341
05/15/2016,370
05/16/2016,413
05/17/2016,382
05/18/2016,334
05/19/2016,360
05/20/2016,355
05/21/2016,341
05/22/2016,343
05/23/2016,415
05/24/2016,367
05/25/2016,386
05/26/2016,355
05/27/2016,353
05/28/2016,320
05/29/2016,359
05/30/2016,410
05/31/2016,365
06/01/2016,362
06/02/2016,317
06/03/2016,348
06/04/2016,339
06/05/2016,343
06/06/2016,400
06/07/2016,363
06/08/2016,374
06/09/2016,328
06/10/2016,366
06/11/2016,366
06/12/2016,366
06/13/2016,398
06/14/2016,398
06/15/2016,350
06/16/2016,330
06/17/2016,338
06/18/2016,378
06/19/2016,327
06/20/2016,455
06/21/2016,377
06/22/2016,343
06/23/2016,352
06/24/2016,314
06/25/2016,339
06/26/2016,338
06/27/2016,393
06/28/2016,386
06/29/2016,347
06/30/2016,363
07/01/2016,366
07/02/2016,360
07/03/2016,364
07/04/2016,392
07/05/2016,315
07/06/2016,361
07/07/2016,382
07/08/2016,356
07/09/2016,303
07/10/2016,359
07/11/2016,432
07/12/2016,417
07/13/2016,373
07/14/2016,365
07/15/2016,363
07/16/2016,333
07/17/2016,343
07/18/2016,401
07/19/2016,395
07/20/2016,342
07/21/2016,337
07/22/2016,353
07/23/2016,344
07/24/2016,338
07/25/2016,406
07/26/2016,370
07/27/2016,374
07/28/2016,350
07/29/2016,350
07/30/2016,385
07/31/2016,328
08/01/2016,399
08/02/2016,380
08/03/2016,359
08/04/2016,375
08/05/2016,367
08/06/2016,338
08/07/2016,329
08/08/2016,416
08/09/2016,347
08/10/2016,416
08/11/2016,363
08/12/2016,380
08/13/2016,323
08/14/2016,350
08/15/2016,402
08/16/2016,386
08/17/2016,348
08/18/2016,333
08/19/2016,329
08/20/2016,341
08/21/2016,327
08/22/2016,420
08/23/2016,335
08/24/2016,339
08/25/2016,354
08/26/2016,314
08/27/2016,323
08/28/2016,334
08/29/2016,408
08/30/2016,356
08/31/2016,369
09/01/2016,352
09/02/2016,313
09/03/2016,362
09/04/2016,330
09/05/2016,395
09/06/2016,378
09/07/2016,331
09/08/2016,312
09/09/2016,349
09/10/2016,331
09/11/2016,326
09/12/2016,387
09/13/2016,385
09/14/2016,344
09/15/2016,325
09/16/2016,345
09/17/2016,349
09/18/2016,330
09/19/2016,403
09/20/2016,359
09/21/2016,370
09/22/2016,342
09/23/2016,337
09/24/2016,313
09/25/2016,335
09/26/2016,411
09/27/2016,346
09/28/2016,342
09/29/2016,330
09/30/2016,321
10/01/2016,308
10/02/2016,342
10/03/2016,372
10/04/2016,332
10/05/2016,322
10/06/2016,321
10/07/2016,303
10/08/2016,303
10/09/2016,306
10/10/2016,382
10/11/2016,365
10/12/2016,340
10/13/2016,348
10/14/2016,340
10/15/2016,325
10/16/2016,289
10/17/2016,386
10/18/2016,358
10/19/2016,339
10/20/2016,331
10/21/2016,314
10/22/2016,309
10/23/2016,328
10/24/2016,370
10/25/2016,292
10/26/2016,311
10/27/2016,313
10/28/2016,314
10/29/2016,308
10/30/2016,298
10/31/2016,386
11/01/2016,357
11/02/2016,332
11/03/2016,330
11/04/2016,327
11/05/2016,321
11/06/2016,359
11/07/2016,413
11/08/2016,359
11/09/2016,336
11/10/2016,349
11/11/2016,338
11/12/2016,317
11/13/2016,312
11/14/2016,387
11/15/2016,354
11/16/2016,346
11/17/2016,335
11/18/2016,370
11/19/2016,340
11/20/2016,317
11/21/2016,402
11/22/2016,374
11/23/2016,349
11/24/2016,361
11/25/2016,357
11/26/2016,318
11/27/2016,357
11/28/2016,401
11/29/2016,345
11/30/2016,331
12/01/2016,348
12/02/2016,340
12/03/2016,322
12/04/2016,362
12/05/2016,406
12/06/2016,384
12/07/2016,342
12/08/2016,357
12/09/2016,323
12/10/2016,356
12/11/2016,345
12/12/2016,418
12/13/2016,351
12/14/2016,348
12/15/2016,331
12/16/2016,343
12/17/2016,322
12/18/2016,358
12/19/2016,409
12/20/2016,336
12/21/2016,360
12/22/2016,321
12/23/2016,310
12/24/2016,297
12/25/2016,330
12/26/2016,355
12/27/2016,390
12/28/2016,335
12/29/2016,374
12/30/2016,350
12/31/2016,317
01/01/2017,369
01/02/2017,374
01/03/2017,398
01/04/2017,355
01/05/2017,355
01/06/2017,344
01/07/2017,331
01/08/2017,330
01/09/2017,409
01/10/2017,367
01/11/2017,333
01/12/2017,340
01/13/2017,341
01/14/2017,313
01/15/2017,301
01/16/2017,401
01/17/2017,374
01/18/2017,313
01/19/2017,304
01/20/2017,330
01/21/2017,286
01/22/2017,323
01/23/2017,371
01/24/2017,322
01/25/2017,333
01/26/2017,295
01/27/2017,305
01/28/2017,297
01/29/2017,339
01/30/2017,380
01/31/2017,420
02/01/2017,391
02/02/2017,336
02/03/2017,346
02/04/2017,334
02/05/2017,364
02/06/2017,457
02/07/2017,349
02/08/2017,326
02/09/2017,356
02/10/2017,333
02/11/2017,344
02/12/2017,310
02/13/2017,422
02/14/2017,367
02/15/2017,345
02/16/2017,351
02/17/2017,373
02/18/2017,310
02/19/2017,326
02/20/2017,407
02/21/2017,396
02/22/2017,337
02/23/2017,337
02/24/2017,325
02/25/2017,330
02/26/2017,316
02/27/2017,414
02/28/2017,371
03/01/2017,352
03/02/2017,351
03/03/2017,331
03/04/2017,340
03/05/2017,323
03/06/2017,376
03/07/2017,362
03/08/2017,370
03/09/2017,350
03/10/2017,350
03/11/2017,332
03/12/2017,331
03/13/2017,412
03/14/2017,380
03/15/2017,352
03/16/2017,324
03/17/2017,354
03/18/2017,319
03/19/2017,340
03/20/2017,403
03/21/2017,349
03/22/2017,355
03/23/2017,368
03/24/2017,342
03/25/2017,340
03/26/2017,365
03/27/2017,421
03/28/2017,341
03/29/2017,343
03/30/2017,337
03/31/2017,340
04/01/2017,337
04/02/2017,315
04/03/2017,398
04/04/2017,345
04/05/2017,331
04/06/2017,359
04/07/2017,362
04/08/2017,329
04/09/2017,330
04/10/2017,398
04/11/2017,371
04/12/2017,362
04/13/2017,296
04/14/2017,299
04/15/2017,355
04/16/2017,359
04/17/2017,384
04/18/2017,365
04/19/2017,352
04/20/2017,346
04/21/2017,332
04/22/2017,363
04/23/2017,364
04/24/2017,402
04/25/2017,339
04/26/2017,346
04/27/2017,337
04/28/2017,341
04/29/2017,336
04/30/2017,327
05/01/2017,359
05/02/2017,406
05/03/2017,334
05/04/2017,331
05/05/2017,386
05/06/2017,341
05/07/2017,345
05/08/2017,406
05/09/2017,398
05/10/2017,354
05/11/2017,378
05/12/2017,361
05/13/2017,350
05/14/2017,348
05/15/2017,434
05/16/2017,406
05/17/2017,386
05/18/2017,350
05/19/2017,352
05/20/2017,380
05/21/2017,351
05/22/2017,445
05/23/2017,397
05/24/2017,384
05/25/2017,374
05/26/2017,369
05/27/2017,353
05/28/2017,378
05/29/2017,440
05/30/2017,348
05/31/2017,322
06/01/2017,366
06/02/2017,352
06/03/2017,354
06/04/2017,337
06/05/2017,438
06/06/2017,373
06/07/2017,376
06/08/2017,373
06/09/2017,337
06/10/2017,366
06/11/2017,320
06/12/2017,409
06/13/2017,392
06/14/2017,336
06/15/2017,365
06/16/2017,356
06/17/2017,334
06/18/2017,302
06/19/2017,378
06/20/2017,370
06/21/2017,332
06/22/2017,369
06/23/2017,349
06/24/2017,333
06/25/2017,321
06/26/2017,356
06/27/2017,399
06/28/2017,375
06/29/2017,371
06/30/2017,384
07/01/2017,353
07/02/2017,354
07/03/2017,418
07/04/2017,355
07/05/2017,335
07/06/2017,324
07/07/2017,348
07/08/2017,325
07/09/2017,287
07/10/2017,422
07/11/2017,380
07/12/2017,342
07/13/2017,384
07/14/2017,307
07/15/2017,338
07/16/2017,348
07/17/2017,401
07/18/2017,385
07/19/2017,364
07/20/2017,348
07/21/2017,355
07/22/2017,329
07/23/2017,328
07/24/2017,408
07/25/2017,381
07/26/2017,353
07/27/2017,350
07/28/2017,348
07/29/2017,366
07/30/2017,350
07/31/2017,392
08/01/2017,345
08/02/2017,344
08/03/2017,360
08/04/2017,346
08/05/2017,310
08/06/2017,349
08/07/2017,398
08/08/2017,369
08/09/2017,324
08/10/2017,405
08/11/2017,334
08/12/2017,334
08/13/2017,315
08/14/2017,423
08/15/2017,370
08/16/2017,358
08/17/2017,354
08/18/2017,351
08/19/2017,320
08/20/2017,328
08/21/2017,397
08/22/2017,343
08/23/2017,346
08/24/2017,319
08/25/2017,347
08/26/2017,337
08/27/2017,333
08/28/2017,401
08/29/2017,333
08/30/2017,336
08/31/2017,338
09/01/2017,284
09/02/2017,330
09/03/2017,318
09/04/2017,381
09/05/2017,334
09/06/2017,327
09/07/2017,346
09/08/2017,344
09/09/2017,344
09/10/2017,362
09/11/2017,374
09/12/2017,378
09/13/2017,363
09/14/2017,335
09/15/2017,331
09/16/2017,305
09/17/2017,319
09/18/2017,372
09/19/2017,337
09/20/2017,330
09/21/2017,322
09/22/2017,334
09/23/2017,344
09/24/2017,305
09/25/2017,378
09/26/2017,352
09/27/2017,346
09/28/2017,349
09/29/2017,318
09/30/2017,321
10/01/2017,339
10/02/2017,379
10/03/2017,378
10/04/2017,315
10/05/2017,362
10/06/2017,365
10/07/2017,324
10/08/2017,292
10/09/2017,431
10/10/2017,354
10/11/2017,340
10/12/2017,327
10/13/2017,352
10/14/2017,354
10/15/2017,336
10/16/2017,402
10/17/2017,322
10/18/2017,333
10/19/2017,351
10/20/2017,330
10/21/2017,338
10/22/2017,334
10/23/2017,398
10/24/2017,346
10/25/2017,350
10/26/2017,337
10/27/2017,329
10/28/2017,330
10/29/2017,322
10/30/2017,368
10/31/2017,357
11/01/2017,350
11/02/2017,362
11/03/2017,333
11/04/2017,321
11/05/2017,309
11/06/2017,419
11/07/2017,344
11/08/2017,308
11/09/2017,330
11/10/2017,327
11/11/2017,342
11/12/2017,332
11/13/2017,417
11/14/2017,347
11/15/2017,329
11/16/2017,326
11/17/2017,340
11/18/2017,306
11/19/2017,352
11/20/2017,398
11/21/2017,361
11/22/2017,317
11/23/2017,330
11/24/2017,344
11/25/2017,302
11/26/2017,336
11/27/2017,397
11/28/2017,348
11/29/2017,344
11/30/2017,355
12/01/2017,329
12/02/2017,313
12/03/2017,318
12/04/2017,412
12/05/2017,349
12/06/2017,335
12/07/2017,346
12/08/2017,342
12/09/2017,337
12/10/2017,304
12/11/2017,365
12/12/2017,321
12/13/2017,347
12/14/2017,333
12/15/2017,322
12/16/2017,307
12/17/2017,314
12/18/2017,397
12/19/2017,365
12/20/2017,345
12/21/2017,340
12/22/2017,343
12/23/2017,348
12/24/2017,289
12/25/2017,357
12/26/2017,392
12/27/2017,343
12/28/2017,355
12/29/2017,332
12/30/2017,321
12/31/2017,286
01/01/2018,369
01/02/2018,408
01/03/2018,361
01/04/2018,338
01/05/2018,346
01/06/2018,326
01/07/2018,331
01/08/2018,412
01/09/2018,378
01/10/2018,310
01/11/2018,339
01/12/2018,315
01/13/2018,335
01/14/2018,332
01/15/2018,399
01/16/2018,340
01/17/2018,331
01/18/2018,345
01/19/2018,339
01/20/2018,358
01/21/2018,342
01/22/2018,414
01/23/2018,335
01/24/2018,347
01/25/2018,355
01/26/2018,364
01/27/2018,334
01/28/2018,346
01/29/2018,399
01/30/2018,365
01/31/2018,348
02/01/2018,357
02/02/2018,350
02/03/2018,317
02/04/2018,336
02/05/2018,419
02/06/2018,370
02/07/2018,344
02/08/2018,374
02/09/2018,363
02/10/2018,294
02/11/2018,322
02/12/2018,390
02/13/2018,296
02/14/2018,287
02/15/2018,307
02/16/2018,299
02/17/2018,349
02/18/2018,347
02/19/2018,430
02/20/2018,372
02/21/2018,357
02/22/2018,356
02/23/2018,355
02/24/2018,330
02/25/2018,307
02/26/2018,406
02/27/2018,385
02/28/2018,310
03/01/2018,335
03/02/2018,333
03/03/2018,338
03/04/2018,325
03/05/2018,394
03/06/2018,363
03/07/2018,366
03/08/2018,358
03/09/2018,383
03/10/2018,314
03/11/2018,314
03/12/2018,402
03/13/2018,365
03/14/2018,344
03/15/2018,349
03/16/2018,345
03/17/2018,319
03/18/2018,320
03/19/2018,402
03/20/2018,361
03/21/2018,354
03/22/2018,364
03/23/2018,346
03/24/2018,315
03/25/2018,309
03/26/2018,388
03/27/2018,305
03/28/2018,355
03/29/2018,345
03/30/2018,307
03/31/2018,330
04/01/2018,355
04/02/2018,397
04/03/2018,358
04/04/2018,350
04/05/2018,339
04/06/2018,334
04/07/2018,363
04/08/2018,360
04/09/2018,406
04/10/2018,368
04/11/2018,358
04/12/2018,341
04/13/2018,329
04/14/2018,313
04/15/2018,324
04/16/2018,409
04/17/2018,374
04/18/2018,351
04/19/2018,350
04/20/2018,346
04/21/2018,286
04/22/2018,321
04/23/2018,380
04/24/2018,363
04/25/2018,376
04/26/2018,319
04/27/2018,327
04/28/2018,344
04/29/2018,302
04/30/2018,428
05/01/2018,312
05/02/2018,389
05/03/2018,317
05/04/2018,333
05/05/2018,338
05/06/2018,326
05/07/2018,430
05/08/2018,372
05/09/2018,329
05/10/2018,355
05/11/2018,323
05/12/2018,333
05/13/2018,313
05/14/2018,396
05/15/2018,335
05/16/2018,303
05/17/2018,333
05/18/2018,356
05/19/2018,305
05/20/2018,322
05/21/2018,376
05/22/2018,384
05/23/2018,328
05/24/2018,336
05/25/2018,340
05/26/2018,303
05/27/2018,294
05/28/2018,382
05/29/2018,328
05/30/2018,368
05/31/2018,328
06/01/2018,313
06/02/2018,342
06/03/2018,363
06/04/2018,393
06/05/2018,381
06/06/2018,337
06/07/2018,339
06/08/2018,358
06/09/2018,321
06/10/2018,273
06/11/2018,375
06/12/2018,374
06/13/2018,346
06/14/2018,347
06/15/2018,246
06/16/2018,335
06/17/2018,299
06/18/2018,413
06/19/2018,354
06/20/2018,347
06/21/2018,342
06/22/2018,335
06/23/2018,318
06/24/2018,322
06/25/2018,399
06/26/2018,328
06/27/2018,312
06/28/2018,333
06/29/2018,289
06/30/2018,335
07/01/2018,329
07/02/2018,393
07/03/2018,391
07/04/2018,350
07/05/2018,365
07/06/2018,361
07/07/2018,312
07/08/2018,320
07/09/2018,451
07/10/2018,335
07/11/2018,398
07/12/2018,350
07/13/2018,356
07/14/2018,310
07/15/2018,344
07/16/2018,409
07/17/2018,397
07/18/2018,386
07/19/2018,337
07/20/2018,381
07/21/2018,339
07/22/2018,297
07/23/2018,422
07/24/2018,401
07/25/2018,349
07/26/2018,366
07/27/2018,348
07/28/2018,320
07/29/2018,335
07/30/2018,395
07/31/2018,342
08/01/2018,346
08/02/2018,337
08/03/2018,362
08/04/2018,332
08/05/2018,330
08/06/2018,397
08/07/2018,369
08/08/2018,328
08/09/2018,311
08/10/2018,402
08/11/2018,309
08/12/2018,303
08/13/2018,411
08/14/2018,359
08/15/2018,346
08/16/2018,365
08/17/2018,351
08/18/2018,311
08/19/2018,324
08/20/2018,384
08/21/2018,353
08/22/2018,271
08/23/2018,374
08/24/2018,309
08/25/2018,285
08/26/2018,327
08/27/2018,405
08/28/2018,369
08/29/2018,337
08/30/2018,319
08/31/2018,328
09/01/2018,273
09/02/2018,312
09/03/2018,385
09/04/2018,292
09/05/2018,320
09/06/2018,333
09/07/2018,318
09/08/2018,308
09/09/2018,300
09/10/2018,413
09/11/2018,329
09/12/2018,331
09/13/2018,349
09/14/2018,335
09/15/2018,319
09/16/2018,311
09/17/2018,374
09/18/2018,367
09/19/2018,316
09/20/2018,349
09/21/2018,335
09/22/2018,271
09/23/2018,313
09/24/2018,376
09/25/2018,339
09/26/2018,332
09/27/2018,346
09/28/2018,328
09/29/2018,309
09/30/2018,296
10/01/2018,405
10/02/2018,321
10/03/2018,335
10/04/2018,338
10/05/2018,325
10/06/2018,305
10/07/2018,277
10/08/2018,419
10/09/2018,351
10/10/2018,313
10/11/2018,310
10/12/2018,332
10/13/2018,277
10/14/2018,267
10/15/2018,381
10/16/2018,342
10/17/2018,304
10/18/2018,296
10/19/2018,314
10/20/2018,308
10/21/2018,315
10/22/2018,363
10/23/2018,318
10/24/2018,293
10/25/2018,290
10/26/2018,323
10/27/2018,298
10/28/2018,310
10/29/2018,381
10/30/2018,348
10/31/2018,324
11/01/2018,313
11/02/2018,312
11/03/2018,307
11/04/2018,306
11/05/2018,365
11/06/2018,299
11/07/2018,368
11/08/2018,342
11/09/2018,317
11/10/2018,301
11/11/2018,309
11/12/2018,368
11/13/2018,345
11/14/2018,320
11/15/2018,301
11/16/2018,340
11/17/2018,311
11/18/2018,316
11/19/2018,393
11/20/2018,373
11/21/2018,344
11/22/2018,319
11/23/2018,334
11/24/2018,349
11/25/2018,317
11/26/2018,417
11/27/2018,369
11/28/2018,345
11/29/2018,315
11/30/2018,332
12/01/2018,294
12/02/2018,331
12/03/2018,401
12/04/2018,362
12/05/2018,357
12/06/2018,346
12/07/2018,334
12/08/2018,334
12/09/2018,356
12/10/2018,377
12/11/2018,332
12/12/2018,333
12/13/2018,308
12/14/2018,364
12/15/2018,347
12/16/2018,306
12/17/2018,396
12/18/2018,389
12/19/2018,350
12/20/2018,330
12/21/2018,316
12/22/2018,324
12/23/2018,326
12/24/2018,388
12/25/2018,334
12/26/2018,400
12/27/2018,350
12/28/2018,357
12/29/2018,332
12/30/2018,360
12/31/2018,362
01/01/2019,352
01/02/2019,373
01/03/2019,365
01/04/2019,356
01/05/2019,343
01/06/2019,352
01/07/2019,362
01/08/2019,351
01/09/2019,344
01/10/2019,352
01/11/2019,335
01/12/2019,312
01/13/2019,291
01/14/2019,381
01/15/2019,354
01/16/2019,335
01/17/2019,329
01/18/2019,323
01/19/2019,319
01/20/2019,278
01/21/2019,380
01/22/2019,373
01/23/2019,310
01/24/2019,321
01/25/2019,304
01/26/2019,320
01/27/2019,301
01/28/2019,402
01/29/2019,346
01/30/2019,320
01/31/2019,349
02/01/2019,327
02/02/2019,303
02/03/2019,308
02/04/2019,288
02/05/2019,278
02/06/2019,363
02/07/2019,409
02/08/2019,322
02/09/2019,324
02/10/2019,302
02/11/2019,374
02/12/2019,380
02/13/2019,359
02/14/2019,361
02/15/2019,323
02/16/2019,330
02/17/2019,306
02/18/2019,415
02/19/2019,347
02/20/2019,339
02/21/2019,354
02/22/2019,330
02/23/2019,310
02/24/2019,293
02/25/2019,384
02/26/2019,351
02/27/2019,355
02/28/2019,356
03/01/2019,347
03/02/2019,330
03/03/2019,328
03/04/2019,417
03/05/2019,347
03/06/2019,323
03/07/2019,384
03/08/2019,370
03/09/2019,315
03/10/2019,304
03/11/2019,403
03/12/2019,350
03/13/2019,363
03/14/2019,357
03/15/2019,370
03/16/2019,301
03/17/2019,355
03/18/2019,397
03/19/2019,356
03/20/2019,325
03/21/2019,336
03/22/2019,326
03/23/2019,351
03/24/2019,315
03/25/2019,387
03/26/2019,372
03/27/2019,341
03/28/2019,353
03/29/2019,291
03/30/2019,327
03/31/2019,321
04/01/2019,409
04/02/2019,352
04/03/2019,321
04/04/2019,337
04/05/2019,326
04/06/2019,321
04/07/2019,341
04/08/2019,408
04/09/2019,363
04/10/2019,354
04/11/2019,356
04/12/2019,305
04/13/2019,330
04/14/2019,309
04/15/2019,378
04/16/2019,351
04/17/2019,325
04/18/2019,338
04/19/2019,307
04/20/2019,353
04/21/2019,307
04/22/2019,412
04/23/2019,344
04/24/2019,326
04/25/2019,326
04/26/2019,297
04/27/2019,307
04/28/2019,329
04/29/2019,383
04/30/2019,344
05/01/2019,293
05/02/2019,367
05/03/2019,330
05/04/2019,350
05/05/2019,310
05/06/2019,397
05/07/2019,365
05/08/2019,302
05/09/2019,343
05/10/2019,284
05/11/2019,300
05/12/2019,301
05/13/2019,395
05/14/2019,342
05/15/2019,343
05/16/2019,362
05/17/2019,349
05/18/2019,332
05/19/2019,298
05/20/2019,358
05/21/2019,416
05/22/2019,348
05/23/2019,340
05/24/2019,365
05/25/2019,339
05/26/2019,324
05/27/2019,390
05/28/2019,359
05/29/2019,336
05/30/2019,341
05/31/2019,343
06/01/2019,318
06/02/2019,328
06/03/2019,368
06/04/2019,289
06/05/2019,298
06/06/2019,376
06/07/2019,327
06/08/2019,335
06/09/2019,344
06/10/2019,427
06/11/2019,343
06/12/2019,331
06/13/2019,363
06/14/2019,318
06/15/2019,318
06/16/2019,333
06/17/2019,418
06/18/2019,337
06/19/2019,388
06/20/2019,354
06/21/2019,358
06/22/2019,286
06/23/2019,328
06/24/2019,396
06/25/2019,323
06/26/2019,325
06/27/2019,368
06/28/2019,354
06/29/2019,345
06/30/2019,296
07/01/2019,421
07/02/2019,377
07/03/2019,378
07/04/2019,349
07/05/2019,368
07/06/2019,321
07/07/2019,327
07/08/2019,406
07/09/2019,367
07/10/2019,343
07/11/2019,317
07/12/2019,366
07/13/2019,332
07/14/2019,346
07/15/2019,374
07/16/2019,342
07/17/2019,345
07/18/2019,367
07/19/2019,296
07/20/2019,327
07/21/2019,307
07/22/2019,408
07/23/2019,381
07/24/2019,372
07/25/2019,338
07/26/2019,368
07/27/2019,357
07/28/2019,321
07/29/2019,418
07/30/2019,373
07/31/2019,369
08/01/2019,348
08/02/2019,330
08/03/2019,344
08/04/2019,306
08/05/2019,387
08/06/2019,330
08/07/2019,321
08/08/2019,348
08/09/2019,295
08/10/2019,328
08/11/2019,340
08/12/2019,362
08/13/2019,389
08/14/2019,356
08/15/2019,357
08/16/2019,344
08/17/2019,348
08/18/2019,316
08/19/2019,401
08/20/2019,342
08/21/2019,370
08/22/2019,334
08/23/2019,360
08/24/2019,332
08/25/2019,280
08/26/2019,350
08/27/2019,305
08/28/2019,323
08/29/2019,326
08/30/2019,297
08/31/2019,326
09/01/2019,298
09/02/2019,368
09/03/2019,328
09/04/2019,321
09/05/2019,325
09/06/2019,330
09/07/2019,325
09/08/2019,333
09/09/2019,390
09/10/2019,359
09/11/2019,352
09/12/2019,287
09/13/2019,298
09/14/2019,322
09/15/2019,311
09/16/2019,427
09/17/2019,342
09/18/2019,346
09/19/2019,349
09/20/2019,322
09/21/2019,321
09/22/2019,292
09/23/2019,398
09/24/2019,340
09/25/2019,298
09/26/2019,333
09/27/2019,316
09/28/2019,317
09/29/2019,306
09/30/2019,350
10/01/2019,327
10/02/2019,328
10/03/2019,358
10/04/2019,338
10/05/2019,324
10/06/2019,299
10/07/2019,413
10/08/2019,334
10/09/2019,318
10/10/2019,326
10/11/2019,324
10/12/2019,324
10/13/2019,260
10/14/2019,392
10/15/2019,336
10/16/2019,309
10/17/2019,349
10/18/2019,331
10/19/2019,312
10/20/2019,314
10/21/2019,426
10/22/2019,313
10/23/2019,343
10/24/2019,338
10/25/2019,314
10/26/2019,313
10/27/2019,316
10/28/2019,353
10/29/2019,385
10/30/2019,357
10/31/2019,357
11/01/2019,350
11/02/2019,322
11/03/2019,338
11/04/2019,409
11/05/2019,345
11/06/2019,378
11/07/2019,371
11/08/2019,348
11/09/2019,343
11/10/2019,305
11/11/2019,385
11/12/2019,362
11/13/2019,361
11/14/2019,360
11/15/2019,330
11/16/2019,377
11/17/2019,301
11/18/2019,411
11/19/2019,367
11/20/2019,355
11/21/2019,312
11/22/2019,325
11/23/2019,311
11/24/2019,311
11/25/2019,379
11/26/2019,317
11/27/2019,337
11/28/2019,370
11/29/2019,325
11/30/2019,344
12/01/2019,311
12/02/2019,415
12/03/2019,333
12/04/2019,347
12/05/2019,360
12/06/2019,347
12/07/2019,306
12/08/2019,298
12/09/2019,387
12/10/2019,346
12/11/2019,318
12/12/2019,377
12/13/2019,337
12/14/2019,315
12/15/2019,296
12/16/2019,420
12/17/2019,342
12/18/2019,360
12/19/2019,343
12/20/2019,371
12/21/2019,338
12/22/2019,307
12/23/2019,449
12/24/2019,352
12/25/2019,327
12/26/2019,424
12/27/2019,375
12/28/2019,345
12/29/2019,336
12/30/2019,416
12/31/2019,365
01/01/2020,339
01/02/2020,445
01/03/2020,387
01/04/2020,348
01/05/2020,313
01/06/2020,377
01/07/2020,340
01/08/2020,334
01/09/2020,342
01/10/2020,344
01/11/2020,351
01/12/2020,283
01/13/2020,388
01/14/2020,354
01/15/2020,361
01/16/2020,359
01/17/2020,324
01/18/2020,336
01/19/2020,319
01/20/2020,351
01/21/2020,338
01/22/2020,344
01/23/2020,297
01/24/2020,289
01/25/2020,296
01/26/2020,336
01/27/2020,372
01/28/2020,398
01/29/2020,324
01/30/2020,308
01/31/2020,353
02/01/2020,228
02/02/2020,287
02/03/2020,364
02/04/2020,308
02/05/2020,334
02/06/2020,287
02/07/2020,291
02/08/2020,274
02/09/2020,284
02/10/2020,358
02/11/2020,281
02/12/2020,299
02/13/2020,300
02/14/2020,260
02/15/2020,261
02/16/2020,239
02/17/2020,323
02/18/2020,255
02/19/2020,259
02/20/2020,278
02/21/2020,272
02/22/2020,208
02/23/2020,252
02/24/2020,319
02/25/2020,285
02/26/2020,271
02/27/2020,255
02/28/2020,290
02/29/2020,262
03/01/2020,276
03/02/2020,347
03/03/2020,307
03/04/2020,279
03/05/2020,307
03/06/2020,280
03/07/2020,207
03/08/2020,266
03/09/2020,366
03/10/2020,314
03/11/2020,297
03/12/2020,304
03/13/2020,286
03/14/2020,271
03/15/2020,273
03/16/2020,335
03/17/2020,341
03/18/2020,303
03/19/2020,339
03/20/2020,349
03/21/2020,328
03/22/2020,309
03/23/2020,409
03/24/2020,386
03/25/2020,336
03/26/2020,326
03/27/2020,325
03/28/2020,269
03/29/2020,249
03/30/2020,414
03/31/2020,365
04/01/2020,310
04/02/2020,305
04/03/2020,388
04/04/2020,294
04/05/2020,336
04/06/2020,405
04/07/2020,330
04/08/2020,304
04/09/2020,318
04/10/2020,283
04/11/2020,292
04/12/2020,256
04/13/2020,327
04/14/2020,308
04/15/2020,285
04/16/2020,298
04/17/2020,289
04/18/2020,243
04/19/2020,263
04/20/2020,305
04/21/2020,250
04/22/2020,302
04/23/2020,256
04/24/2020,248
04/25/2020,209
04/26/2020,228
04/27/2020,315
04/28/2020,253
04/29/2020,207
04/30/2020,243
05/01/2020,238
05/02/2020,275
05/03/2020,246
05/04/2020,290
05/05/2020,238
05/06/2020,252
05/07/2020,282
05/08/2020,230
05/09/2020,252
05/10/2020,231
05/11/2020,279
05/12/2020,251
05/13/2020,239
05/14/2020,252
05/15/2020,256
05/16/2020,251
05/17/2020,234
05/18/2020,307
05/19/2020,255
05/20/2020,237
05/21/2020,286
05/22/2020,247
05/23/2020,254
05/24/2020,246
05/25/2020,323
05/26/2020,331
05/27/2020,272
05/28/2020,268
05/29/2020,275
05/30/2020,259
05/31/2020,229
06/01/2020,300
06/02/2020,287
06/03/2020,300
06/04/2020,263
06/05/2020,297
06/06/2020,254
06/07/2020,278
06/08/2020,354
06/09/2020,304
06/10/2020,318
06/11/2020,286
06/12/2020,278
06/13/2020,294
06/14/2020,268
06/15/2020,346
06/16/2020,315
06/17/2020,281
06/18/2020,258
06/19/2020,295
06/20/2020,270
06/21/2020,291
06/22/2020,333
06/23/2020,311
06/24/2020,270
06/25/2020,316
06/26/2020,319
06/27/2020,297
06/28/2020,288
06/29/2020,352
06/30/2020,301
07/01/2020,310
07/02/2020,286
07/03/2020,285
07/04/2020,313
07/05/2020,314
07/06/2020,378
07/07/2020,315
07/08/2020,311
07/09/2020,289
07/10/2020,279
07/11/2020,298
07/12/2020,328
07/13/2020,342
07/14/2020,325
07/15/2020,305
07/16/2020,338
07/17/2020,321
07/18/2020,284
07/19/2020,264
07/20/2020,347
07/21/2020,317
07/22/2020,319
07/23/2020,298
07/24/2020,322
07/25/2020,292
07/26/2020,255
07/27/2020,334
07/28/2020,351
07/29/2020,310
07/30/2020,338
07/31/2020,260
08/01/2020,315
08/02/2020,271
08/03/2020,362
08/04/2020,341
08/05/2020,275
08/06/2020,323
08/07/2020,296
08/08/2020,310
08/09/2020,286
08/10/2020,350
08/11/2020,344
08/12/2020,313
08/13/2020,291
08/14/2020,301
08/15/2020,335
08/16/2020,288
08/17/2020,329
08/18/2020,299
08/19/2020,318
08/20/2020,282
08/21/2020,280
08/22/2020,292
08/23/2020,265
08/24/2020,326
08/25/2020,295
08/26/2020,270
08/27/2020,318
08/28/2020,300
08/29/2020,300
08/30/2020,240
08/31/2020,344
09/01/2020,320
09/02/2020,298
09/03/2020,345
09/04/2020,280
09/05/2020,277
09/06/2020,253
09/07/2020,350
09/08/2020,318
09/09/2020,313
09/10/2020,283
09/11/2020,288
09/12/2020,301
09/13/2020,242
09/14/2020,350
09/15/2020,303
09/16/2020,286
09/17/2020,299
09/18/2020,300
09/19/2020,267
09/20/2020,255
09/21/2020,395
09/22/2020,290
09/23/2020,305
09/24/2020,318
09/25/2020,311
09/26/2020,299
09/27/2020,275
09/28/2020,376
09/29/2020,308
09/30/2020,271
10/01/2020,318
10/02/2020,317
10/03/2020,294
10/04/2020,274
10/05/2020,358
10/06/2020,329
10/07/2020,311
10/08/2020,307
10/09/2020,303
10/10/2020,283
10/11/2020,247
10/12/2020,339
10/13/2020,323
10/14/2020,306
10/15/2020,310
10/16/2020,289
10/17/2020,284
10/18/2020,250
10/19/2020,371
10/20/2020,286
10/21/2020,301
10/22/2020,292
10/23/2020,295
10/24/2020,280
10/25/2020,267
10/26/2020,348
10/27/2020,278
10/28/2020,301
10/29/2020,280
10/30/2020,317
10/31/2020,264
11/01/2020,292
11/02/2020,328
11/03/2020,294
11/04/2020,316
11/05/2020,306
11/06/2020,321
11/07/2020,288
11/08/2020,248
11/09/2020,348
11/10/2020,307
11/11/2020,300
11/12/2020,291
11/13/2020,317
11/14/2020,283
11/15/2020,266
11/16/2020,380
11/17/2020,310
11/18/2020,300
11/19/2020,301
11/20/2020,308
11/21/2020,272
11/22/2020,228
11/23/2020,364
11/24/2020,287
11/25/2020,302
11/26/2020,274
11/27/2020,293
11/28/2020,279
11/29/2020,248
11/30/2020,357
12/01/2020,316
12/02/2020,322
12/03/2020,275
12/04/2020,291
12/05/2020,288
12/06/2020,242
12/07/2020,338
12/08/2020,318
12/09/2020,265
12/10/2020,319
12/11/2020,294
12/12/2020,287
12/13/2020,268
12/14/2020,366
12/15/2020,299
12/16/2020,311
12/17/2020,284
12/18/2020,293
12/19/2020,297
12/20/2020,247
12/21/2020,354
12/22/2020,282
12/23/2020,303
12/24/2020,285
12/25/2020,268
12/26/2020,335
12/27/2020,286
12/28/2020,372
12/29/2020,269
12/30/2020,292
12/31/2020,271
01/01/2021,251
01/02/2021,262
01/03/2021,274
01/04/2021,336
01/05/2021,305
01/06/2021,327
01/07/2021,258
01/08/2021,284
01/09/2021,291
01/10/2021,249
01/11/2021,388
01/12/2021,298
01/13/2021,313
01/14/2021,293
01/15/2021,324
01/16/2021,306
01/17/2021,260
01/18/2021,352
01/19/2021,297
01/20/2021,283
01/21/2021,312
01/22/2021,299
01/23/2021,312
01/24/2021,265
01/25/2021,392
01/26/2021,311
01/27/2021,294
01/28/2021,272
01/29/2021,284
01/30/2021,265
01/31/2021,274
02/01/2021,345
02/02/2021,282
02/03/2021,281
02/04/2021,311
02/05/2021,301
02/06/2021,290
02/07/2021,291
02/08/2021,344
02/09/2021,298
02/10/2021,292
02/11/2021,260
02/12/2021,233
02/13/2021,295
02/14/2021,288
02/15/2021,402
02/16/2021,323
02/17/2021,299
02/18/2021,294
02/19/2021,286
02/20/2021,282
02/21/2021,270
02/22/2021,389
02/23/2021,322
02/24/2021,324
02/25/2021,261
02/26/2021,286
02/27/2021,309
02/28/2021,256
03/01/2021,368
03/02/2021,321
03/03/2021,298
03/04/2021,313
03/05/2021,321
03/06/2021,270
03/07/2021,275
03/08/2021,363
03/09/2021,347
03/10/2021,307
03/11/2021,298
03/12/2021,298
03/13/2021,287
03/14/2021,273
03/15/2021,396
03/16/2021,296
03/17/2021,307
03/18/2021,332
03/19/2021,296
03/20/2021,265
03/21/2021,289
03/22/2021,365
03/23/2021,299
03/24/2021,322
03/25/2021,300
03/26/2021,321
03/27/2021,296
03/28/2021,303
03/29/2021,374
03/30/2021,316
03/31/2021,293
04/01/2021,343
04/02/2021,266
04/03/2021,330
04/04/2021,296
04/05/2021,369
04/06/2021,329
04/07/2021,320
04/08/2021,307
04/09/2021,316
04/10/2021,291
04/11/2021,279
04/12/2021,364
04/13/2021,336
04/14/2021,292
04/15/2021,326
04/16/2021,315
04/17/2021,310
04/18/2021,306
04/19/2021,356
04/20/2021,338
04/21/2021,308
04/22/2021,341
04/23/2021,295
04/24/2021,298
04/25/2021,271
04/26/2021,380
04/27/2021,344
04/28/2021,334
04/29/2021,351
04/30/2021,320
05/01/2021,303
05/02/2021,311
05/03/2021,389
05/04/2021,324
05/05/2021,335
05/06/2021,324
05/07/2021,345
05/08/2021,326
05/09/2021,320
05/10/2021,429
05/11/2021,353
05/12/2021,344
05/13/2021,330
05/14/2021,422
05/15/2021,311
05/16/2021,333
05/17/2021,351
05/18/2021,272
05/19/2021,305
05/20/2021,315
05/21/2021,262
05/22/2021,292
05/23/2021,288
05/24/2021,362
05/25/2021,309
05/26/2021,281
05/27/2021,312
05/28/2021,294
05/29/2021,281
05/30/2021,234
05/31/2021,325
06/01/2021,311
06/02/2021,302
06/03/2021,285
06/04/2021,313
06/05/2021,258
06/06/2021,266
06/07/2021,320
06/08/2021,328
06/09/2021,299
06/10/2021,299
06/11/2021,287
06/12/2021,312
06/13/2021,283
06/14/2021,339
06/15/2021,337
06/16/2021,338
06/17/2021,288
06/18/2021,264
06/19/2021,282
06/20/2021,227
06/21/2021,296
06/22/2021,273
06/23/2021,285
06/24/2021,273
06/25/2021,282
06/26/2021,284
06/27/2021,241
06/28/2021,394
06/29/2021,294
06/30/2021,327
07/01/2021,298
07/02/2021,309
07/03/2021,286
07/04/2021,288
07/05/2021,380
07/06/2021,331
07/07/2021,364
07/08/2021,318
07/09/2021,332
07/10/2021,291
07/11/2021,283
07/12/2021,378
07/13/2021,316
07/14/2021,332
07/15/2021,331
07/16/2021,331
07/17/2021,310
07/18/2021,270
07/19/2021,377
07/20/2021,270
07/21/2021,355
07/22/2021,333
07/23/2021,309
07/24/2021,294
07/25/2021,239
07/26/2021,369
07/27/2021,271
07/28/2021,282
07/29/2021,322
07/30/2021,295
07/31/2021,264
08/01/2021,267
08/02/2021,339
08/03/2021,306
08/04/2021,306
08/05/2021,288
08/06/2021,258
08/07/2021,283
08/08/2021,231
08/09/2021,278
08/10/2021,348
08/11/2021,317
08/12/2021,288
08/13/2021,306
08/14/2021,282
08/15/2021,265
08/16/2021,340
08/17/2021,262
08/18/2021,293
08/19/2021,277
08/20/2021,287
08/21/2021,292
08/22/2021,239
08/23/2021,342
08/24/2021,266
08/25/2021,297
08/26/2021,323
08/27/2021,287
08/28/2021,284
08/29/2021,262
08/30/2021,364
08/31/2021,315
09/01/2021,300
09/02/2021,279
09/03/2021,318
09/04/2021,265
09/05/2021,290
09/06/2021,369
09/07/2021,342
09/08/2021,283
09/09/2021,335
09/10/2021,309
09/11/2021,281
09/12/2021,307
09/13/2021,356
09/14/2021,315
09/15/2021,293
09/16/2021,308
09/17/2021,313
09/18/2021,288
09/19/2021,272
09/20/2021,310
09/21/2021,279
09/22/2021,280
09/23/2021,255
09/24/2021,239
09/25/2021,256
09/26/2021,250
09/27/2021,344
09/28/2021,290
09/29/2021,282
09/30/2021,250
10/01/2021,278
10/02/2021,274
10/03/2021,283
10/04/2021,293
10/05/2021,306
10/06/2021,250
10/07/2021,286
10/08/2021,301
10/09/2021,282
10/10/2021,248
10/11/2021,294
10/12/2021,267
10/13/2021,271
10/14/2021,267
10/15/2021,265
10/16/2021,260
10/17/2021,242
10/18/2021,343
10/19/2021,305
10/20/2021,265
10/21/2021,277
10/22/2021,252
10/23/2021,251
10/24/2021,227
10/25/2021,349
10/26/2021,277
10/27/2021,273
10/28/2021,276
10/29/2021,300
10/30/2021,275
10/31/2021,270
11/01/2021,310
11/02/2021,271
11/03/2021,254
11/04/2021,246
11/05/2021,340
11/06/2021,272
11/07/2021,233
11/08/2021,357
11/09/2021,294
11/10/2021,313
11/11/2021,289
11/12/2021,306
11/13/2021,255
11/14/2021,235
11/15/2021,344
11/16/2021,309
11/17/2021,289
11/18/2021,258
11/19/2021,314
11/20/2021,270
11/21/2021,254
11/22/2021,348
11/23/2021,283
11/24/2021,278
11/25/2021,314
11/26/2021,307
11/27/2021,224
11/28/2021,239
11/29/2021,349
11/30/2021,314
12/01/2021,310
12/02/2021,269
12/03/2021,271
12/04/2021,251
12/05/2021,249
12/06/2021,333
12/07/2021,279
12/08/2021,262
12/09/2021,278
12/10/2021,298
12/11/2021,219
12/12/2021,233
12/13/2021,314
12/14/2021,295
12/15/2021,263
12/16/2021,270
12/17/2021,273
12/18/2021,248
12/19/2021,261
12/20/2021,324
12/21/2021,290
12/22/2021,307
12/23/2021,279
12/24/2021,232
12/25/2021,265
12/26/2021,302
12/27/2021,355
12/28/2021,290
12/29/2021,288
12/30/2021,259
12/31/2021,253
01/01/2022,281
01/02/2022,266
01/03/2022,346
01/04/2022,270
01/05/2022,298
01/06/2022,295
01/07/2022,284
01/08/2022,305
01/09/2022,248
01/10/2022,378
01/11/2022,319
01/12/2022,291
01/13/2022,308
01/14/2022,280
01/15/2022,309
01/16/2022,277
01/17/2022,315
01/18/2022,332
01/19/2022,270
01/20/2022,306
01/21/2022,307
01/22/2022,287
01/23/2022,260
01/24/2022,348
01/25/2022,300
01/26/2022,295
01/27/2022,280
01/28/2022,285
01/29/2022,314
01/30/2022,281
01/31/2022,301
02/01/2022,295
02/02/2022,358
02/03/2022,365
02/04/2022,321
02/05/2022,329
02/06/2022,280
02/07/2022,365
02/08/2022,314
02/09/2022,343
02/10/2022,301
02/11/2022,291
02/12/2022,289
02/13/2022,290
02/14/2022,372
02/15/2022,338
02/16/2022,324
02/17/2022,326
02/18/2022,330
02/19/2022,342
02/20/2022,313
02/21/2022,372
02/22/2022,325
02/23/2022,320
02/24/2022,295
02/25/2022,269
02/26/2022,293
02/27/2022,260
02/28/2022,372
03/01/2022,320
03/02/2022,309
03/03/2022,285
03/04/2022,318
03/05/2022,299
03/06/2022,276
03/07/2022,338
03/08/2022,320
03/09/2022,303
03/10/2022,270
03/11/2022,294
03/12/2022,274
03/13/2022,269
03/14/2022,336
03/15/2022,293
03/16/2022,310
03/17/2022,281
03/18/2022,270
03/19/2022,286
03/20/2022,276
03/21/2022,336
03/22/2022,268
03/23/2022,276
03/24/2022,281
03/25/2022,247
03/26/2022,258
03/27/2022,236
03/28/2022,318
03/29/2022,300
03/30/2022,292
03/31/2022,269
04/01/2022,319
04/02/2022,282
04/03/2022,236
04/04/2022,336
04/05/2022,297
04/06/2022,279
04/07/2022,276
04/08/2022,298
04/09/2022,278
04/10/2022,238
04/11/2022,336
04/12/2022,299
04/13/2022,288
04/14/2022,309
04/15/2022,245
04/16/2022,280
04/17/2022,241
04/18/2022,315
04/19/2022,300
04/20/2022,278
04/21/2022,243
04/22/2022,263
04/23/2022,286
04/24/2022,259
04/25/2022,332
04/26/2022,299
04/27/2022,283
04/28/2022,262
04/29/2022,304
04/30/2022,286
05/01/2022,294
05/02/2022,274
05/03/2022,296
05/04/2022,332
05/05/2022,325
05/06/2022,299
05/07/2022,296
05/08/2022,247
05/09/2022,376
05/10/2022,327
05/11/2022,308
05/12/2022,317
05/13/2022,305
05/14/2022,314
05/15/2022,296
05/16/2022,315
05/17/2022,389
05/18/2022,302
05/19/2022,312
05/20/2022,319
05/21/2022,311
05/22/2022,250
05/23/2022,392
05/24/2022,348
05/25/2022,291
05/26/2022,271
05/27/2022,292
05/28/2022,283
05/29/2022,257
05/30/2022,401
05/31/2022,342
06/01/2022,308
06/02/2022,310
06/03/2022,296
06/04/2022,292
06/05/2022,317
06/06/2022,371
06/07/2022,326
06/08/2022,303
06/09/2022,301
06/10/2022,313
06/11/2022,288
06/12/2022,303
06/13/2022,379
06/14/2022,331
06/15/2022,314
06/16/2022,327
06/17/2022,320
06/18/2022,327
06/19/2022,293
06/20/2022,374
06/21/2022,313
06/22/2022,319
06/23/2022,327
06/24/2022,303
06/25/2022,293
06/26/2022,300
06/27/2022,372
06/28/2022,360
06/29/2022,342
06/30/2022,326
07/01/2022,352
07/02/2022,317
07/03/2022,344
07/04/2022,397
07/05/2022,321
07/06/2022,326
07/07/2022,345
07/08/2022,338
07/09/2022,320
07/10/2022,323
07/11/2022,378
07/12/2022,407
07/13/2022,346
07/14/2022,381
07/15/2022,347
07/16/2022,319
07/17/2022,308
07/18/2022,381
07/19/2022,357
07/20/2022,322
07/21/2022,362
07/22/2022,304
07/23/2022,333
07/24/2022,291
07/25/2022,379
07/26/2022,314
07/27/2022,341
07/28/2022,375
07/29/2022,338
07/30/2022,320
07/31/2022,310
08/01/2022,400
08/02/2022,326
08/03/2022,308
08/04/2022,328
08/05/2022,331
08/06/2022,304
08/07/2022,312
08/08/2022,354
08/09/2022,280
08/10/2022,363
08/11/2022,366
08/12/2022,325
08/13/2022,298
08/14/2022,276
08/15/2022,366
08/16/2022,326
08/17/2022,316
08/18/2022,317
08/19/2022,307
08/20/2022,307
08/21/2022,251
08/22/2022,404
08/23/2022,328
08/24/2022,297
08/25/2022,333
08/26/2022,327
08/27/2022,293
08/28/2022,287
08/29/2022,367
08/30/2022,289
08/31/2022,299
09/01/2022,292
09/02/2022,288
09/03/2022,317
09/04/2022,261
09/05/2022,358
09/06/2022,314
09/07/2022,312
09/08/2022,313
09/09/2022,301
09/10/2022,315
09/11/2022,266
09/12/2022,385
09/13/2022,314
09/14/2022,321
09/15/2022,312
09/16/2022,346
09/17/2022,295
09/18/2022,257
09/19/2022,362
09/20/2022,323
09/21/2022,346
09/22/2022,296
09/23/2022,310
09/24/2022,300
09/25/2022,279
09/26/2022,357
09/27/2022,335
09/28/2022,292
09/29/2022,326
09/30/2022,333
10/01/2022,341
10/02/2022,301
10/03/2022,414
10/04/2022,350
10/05/2022,311
10/06/2022,343
10/07/2022,304
10/08/2022,322
10/09/2022,301
10/10/2022,367
10/11/2022,363
10/12/2022,309
10/13/2022,335
10/14/2022,320
10/15/2022,303
10/16/2022,292
10/17/2022,372
10/18/2022,374
10/19/2022,350
10/20/2022,303
10/21/2022,272
10/22/2022,265
10/23/2022,264
10/24/2022,281
10/25/2022,348
10/26/2022,317
10/27/2022,294
10/28/2022,317
10/29/2022,287
10/30/2022,275
10/31/2022,347
11/01/2022,310
11/02/2022,326
11/03/2022,297
11/04/2022,277
11/05/2022,250
11/06/2022,259
11/07/2022,323
11/08/2022,311
11/09/2022,291
11/10/2022,330
11/11/2022,306
11/12/2022,262
11/13/2022,276
11/14/2022,356
11/15/2022,294
11/16/2022,283
11/17/2022,309
11/18/2022,285
11/19/2022,282
11/20/2022,260
11/21/2022,346
11/22/2022,317
11/23/2022,274
11/24/2022,266
11/25/2022,293
11/26/2022,253
11/27/2022,258
11/28/2022,341
11/29/2022,294
11/30/2022,294
12/01/2022,276
12/02/2022,297
12/03/2022,274
12/04/2022,253
12/05/2022,334
12/06/2022,317
12/07/2022,332
12/08/2022,302
12/09/2022,313
12/10/2022,287
12/11/2022,275
12/12/2022,365
12/13/2022,328
12/14/2022,306
12/15/2022,327
12/16/2022,322
12/17/2022,296
12/18/2022,266
12/19/2022,345
12/20/2022,322
12/21/2022,286
12/22/2022,282
12/23/2022,322
12/24/2022,288
12/25/2022,289
12/26/2022,291
12/27/2022,329
12/28/2022,334
12/29/2022,311
12/30/2022,326
12/31/2022,291
01/01/2023,309
01/02/2023,342
01/03/2023,343
01/04/2023,305
01/05/2023,337
01/06/2023,302
01/07/2023,286
01/08/2023,257
01/09/2023,359
01/10/2023,301
01/11/2023,308
01/12/2023,302
01/13/2023,275
01/14/2023,281
01/15/2023,262
01/16/2023,342
01/17/2023,278
01/18/2023,290
01/19/2023,277
01/20/2023,293
01/21/2023,252
01/22/2023,208
01/23/2023,303
01/24/2023,324
01/25/2023,323
01/26/2023,304
01/27/2023,304
01/28/2023,237
01/29/2023,247
01/30/2023,360
01/31/2023,325
02/01/2023,347
02/02/2023,343
02/03/2023,305
02/04/2023,276
02/05/2023,259
02/06/2023,399
02/07/2023,360
02/08/2023,340
02/09/2023,351
02/10/2023,311
02/11/2023,304
02/12/2023,268
02/13/2023,399
02/14/2023,318
02/15/2023,293
02/16/2023,303
02/17/2023,335
02/18/2023,312
02/19/2023,305
02/20/2023,367
02/21/2023,322
02/22/2023,353
02/23/2023,329
02/24/2023,293
02/25/2023,292
02/26/2023,265
02/27/2023,358
02/28/2023,259
03/01/2023,296
03/02/2023,289
03/03/2023,305
03/04/2023,286
03/05/2023,278
03/06/2023,354
03/07/2023,320
03/08/2023,341
03/09/2023,329
03/10/2023,318
03/11/2023,305
03/12/2023,308
03/13/2023,411
03/14/2023,332
03/15/2023,321
03/16/2023,324
03/17/2023,337
03/18/2023,297
03/19/2023,316
03/20/2023,379
03/21/2023,336
03/22/2023,346
03/23/2023,308
03/24/2023,321
03/25/2023,276
03/26/2023,277
03/27/2023,379
03/28/2023,334
03/29/2023,301
03/30/2023,317
03/31/2023,304
04/01/2023,326
04/02/2023,278
04/03/2023,371
04/04/2023,322
04/05/2023,291
04/06/2023,337
04/07/2023,261
04/08/2023,307
04/09/2023,292
04/10/2023,399
04/11/2023,365
04/12/2023,307
04/13/2023,307
04/14/2023,330
04/15/2023,303
04/16/2023,299
04/17/2023,390
04/18/2023,330
04/19/2023,315
04/20/2023,315
04/21/2023,304
04/22/2023,269
04/23/2023,299
04/24/2023,348
04/25/2023,362
04/26/2023,325
04/27/2023,299
04/28/2023,305
04/29/2023,309
04/30/2023,294
05/01/2023,344
05/02/2023,379
05/03/2023,315
05/04/2023,321
05/05/2023,280
05/06/2023,285
05/07/2023,295
05/08/2023,398
05/09/2023,330
05/10/2023,325
05/11/2023,337
05/12/2023,308
05/13/2023,309
05/14/2023,286
05/15/2023,379
05/16/2023,313
05/17/2023,322
